date,variable,geography,estimate,share
2017-01-01,Battery Electric Vehicle,King,350,0.02239713316695463
2017-01-01,Battery Electric Vehicle,Kitsap,14,0.009866102889358703
2017-01-01,Battery Electric Vehicle,Pierce,27,0.005372065260644648
2017-01-01,Battery Electric Vehicle,Snohomish,65,0.014679313459801264
2017-01-01,Hybrid Electric Vehicle,King,118,0.007551033467716133
2017-01-01,Hybrid Electric Vehicle,Kitsap,4,0.0028188865398167725
2017-01-01,Hybrid Electric Vehicle,Pierce,22,0.004377238360525269
2017-01-01,Hybrid Electric Vehicle,Snohomish,17,0.0038392050587172538
2017-01-01,Internal Combustion Engine,King,15159,0.9700518333653292
2017-01-01,Internal Combustion Engine,Kitsap,1401,0.9873150105708245
2017-01-01,Internal Combustion Engine,Pierce,4977,0.9902506963788301
2017-01-01,Internal Combustion Engine,Snohomish,4346,0.9814814814814815
2018-01-01,Battery Electric Vehicle,King,405,0.027239709443099273
2018-01-01,Battery Electric Vehicle,Kitsap,12,0.0075282308657465494
2018-01-01,Battery Electric Vehicle,Pierce,25,0.004872344572208147
2018-01-01,Battery Electric Vehicle,Snohomish,58,0.013475836431226766
2018-01-01,Hybrid Electric Vehicle,King,140,0.009416195856873822
2018-01-01,Hybrid Electric Vehicle,Kitsap,6,0.0037641154328732747
2018-01-01,Hybrid Electric Vehicle,Pierce,22,0.004287663223543169
2018-01-01,Hybrid Electric Vehicle,Snohomish,27,0.006273234200743495
2018-01-01,Internal Combustion Engine,King,14323,0.9633440947000269
2018-01-01,Internal Combustion Engine,Kitsap,1576,0.9887076537013801
2018-01-01,Internal Combustion Engine,Pierce,5084,0.9908399922042487
2018-01-01,Internal Combustion Engine,Snohomish,4219,0.9802509293680297
2019-01-01,Battery Electric Vehicle,King,835,0.05262162843458533
2019-01-01,Battery Electric Vehicle,Kitsap,29,0.019346230820547032
2019-01-01,Battery Electric Vehicle,Pierce,62,0.012199921290830381
2019-01-01,Battery Electric Vehicle,Snohomish,152,0.032534246575342464
2019-01-01,Hybrid Electric Vehicle,King,146,0.009200907486765818
2019-01-01,Hybrid Electric Vehicle,Kitsap,6,0.004002668445630421
2019-01-01,Hybrid Electric Vehicle,Pierce,22,0.004329004329004329
2019-01-01,Hybrid Electric Vehicle,Snohomish,22,0.004708904109589041
2019-01-01,Internal Combustion Engine,King,14887,0.9381774640786489
2019-01-01,Internal Combustion Engine,Kitsap,1464,0.9766511007338226
2019-01-01,Internal Combustion Engine,Pierce,4998,0.9834710743801653
2019-01-01,Internal Combustion Engine,Snohomish,4498,0.9627568493150684
2020-01-01,Battery Electric Vehicle,King,1337,0.08531138335885656
2020-01-01,Battery Electric Vehicle,Kitsap,58,0.038821954484605084
2020-01-01,Battery Electric Vehicle,Pierce,102,0.01932184125781398
2020-01-01,Battery Electric Vehicle,Snohomish,238,0.0527599201950787
2020-01-01,Hybrid Electric Vehicle,King,415,0.026480347115875446
2020-01-01,Hybrid Electric Vehicle,Kitsap,31,0.020749665327978582
2020-01-01,Hybrid Electric Vehicle,Pierce,87,0.016480394014017807
2020-01-01,Hybrid Electric Vehicle,Snohomish,86,0.019064508978053646
2020-01-01,Internal Combustion Engine,King,13920,0.888208269525268
2020-01-01,Internal Combustion Engine,Kitsap,1405,0.9404283801874164
2020-01-01,Internal Combustion Engine,Pierce,5090,0.9641977647281682
2020-01-01,Internal Combustion Engine,Snohomish,4187,0.9281755708268676
2021-01-01,Battery Electric Vehicle,King,1259,0.10249938939998372
2021-01-01,Battery Electric Vehicle,Kitsap,64,0.04529370134465676
2021-01-01,Battery Electric Vehicle,Pierce,151,0.032271852960034195
2021-01-01,Battery Electric Vehicle,Snohomish,208,0.052912744848639025
2021-01-01,Hybrid Electric Vehicle,King,608,0.049499307986648214
2021-01-01,Hybrid Electric Vehicle,Kitsap,66,0.04670912951167728
2021-01-01,Hybrid Electric Vehicle,Pierce,172,0.03675999145116478
2021-01-01,Hybrid Electric Vehicle,Snohomish,144,0.03663190027982702
2021-01-01,Internal Combustion Engine,King,10416,0.848001302613368
2021-01-01,Internal Combustion Engine,Kitsap,1283,0.9079971691436659
2021-01-01,Internal Combustion Engine,Pierce,4356,0.930968155588801
2021-01-01,Internal Combustion Engine,Snohomish,3579,0.910455354871534
2022-01-01,Battery Electric Vehicle,King,1004,0.09328254204218155
2022-01-01,Battery Electric Vehicle,Kitsap,56,0.04129793510324484
2022-01-01,Battery Electric Vehicle,Pierce,140,0.03332539871459177
2022-01-01,Battery Electric Vehicle,Snohomish,200,0.051559680329981955
2022-01-01,Hybrid Electric Vehicle,King,1022,0.094954938214252535
2022-01-01,Hybrid Electric Vehicle,Kitsap,109,0.0803834808259587
2022-01-01,Hybrid Electric Vehicle,Pierce,251,0.05974767912401809
2022-01-01,Hybrid Electric Vehicle,Snohomish,315,0.08120649651972157
2022-01-01,Internal Combustion Engine,King,8737,0.811762519743566
2022-01-01,Internal Combustion Engine,Kitsap,1191,0.8783185840707964
2022-01-01,Internal Combustion Engine,Pierce,3810,0.9069269221613901
2022-01-01,Internal Combustion Engine,Snohomish,3364,0.8672338231502965
2023-01-01,Battery Electric Vehicle,King,2013,0.1741500129769011
2023-01-01,Battery Electric Vehicle,Kitsap,98,0.07890499194847021
2023-01-01,Battery Electric Vehicle,Pierce,265,0.06299025433800808
2023-01-01,Battery Electric Vehicle,Snohomish,450,0.11207970112079702
2023-01-01,Hybrid Electric Vehicle,King,1030,0.08910805432995934
2023-01-01,Hybrid Electric Vehicle,Kitsap,71,0.0571658615136876
2023-01-01,Hybrid Electric Vehicle,Pierce,339,0.08057998573805562
2023-01-01,Hybrid Electric Vehicle,Snohomish,317,0.07895392278953922
2023-01-01,Internal Combustion Engine,King,8516,0.7367419326931396
2023-01-01,Internal Combustion Engine,Kitsap,1073,0.8639291465378421
2023-01-01,Internal Combustion Engine,Pierce,3603,0.8564297599239363
2023-01-01,Internal Combustion Engine,Snohomish,3248,0.8089663760896637
2017-02-01,Battery Electric Vehicle,King,331,0.02499056247640619
2017-02-01,Battery Electric Vehicle,Kitsap,6,0.0054249547920434
2017-02-01,Battery Electric Vehicle,Pierce,45,0.011169024571854059
2017-02-01,Battery Electric Vehicle,Snohomish,54,0.015428571428571429
2017-02-01,Hybrid Electric Vehicle,King,107,0.00807852019630049
2017-02-01,Hybrid Electric Vehicle,Kitsap,9,0.0081374321880651
2017-02-01,Hybrid Electric Vehicle,Pierce,12,0.0029784065524944155
2017-02-01,Hybrid Electric Vehicle,Snohomish,26,0.0074285714285714285
2017-02-01,Internal Combustion Engine,King,12807,0.9669309173272933
2017-02-01,Internal Combustion Engine,Kitsap,1091,0.9864376130198915
2017-02-01,Internal Combustion Engine,Pierce,3972,0.9858525688756515
2017-02-01,Internal Combustion Engine,Snohomish,3420,0.9771428571428571
2018-02-01,Battery Electric Vehicle,King,214,0.01865086282028935
2018-02-01,Battery Electric Vehicle,Kitsap,10,0.008298755186721992
2018-02-01,Battery Electric Vehicle,Pierce,22,0.005498625343664084
2018-02-01,Battery Electric Vehicle,Snohomish,32,0.009526644834772254
2018-02-01,Hybrid Electric Vehicle,King,102,0.008889663587240719
2018-02-01,Hybrid Electric Vehicle,Kitsap,9,0.007468879668049793
2018-02-01,Hybrid Electric Vehicle,Pierce,28,0.0069982504373906525
2018-02-01,Hybrid Electric Vehicle,Snohomish,19,0.0056564453706460256
2018-02-01,Internal Combustion Engine,King,11158,0.97245947359247
2018-02-01,Internal Combustion Engine,Kitsap,1186,0.9842323651452282
2018-02-01,Internal Combustion Engine,Pierce,3951,0.9875031242189453
2018-02-01,Internal Combustion Engine,Snohomish,3308,0.9848169097945817
2019-02-01,Battery Electric Vehicle,King,400,0.036337209302325583
2019-02-01,Battery Electric Vehicle,Kitsap,7,0.006375227686703097
2019-02-01,Battery Electric Vehicle,Pierce,34,0.009547879809042405
2019-02-01,Battery Electric Vehicle,Snohomish,87,0.028590207032533684
2019-02-01,Hybrid Electric Vehicle,King,105,0.009538517441860465
2019-02-01,Hybrid Electric Vehicle,Kitsap,9,0.00819672131147541
2019-02-01,Hybrid Electric Vehicle,Pierce,25,0.007020499859590003
2019-02-01,Hybrid Electric Vehicle,Snohomish,26,0.008544199802826159
2019-02-01,Internal Combustion Engine,King,10503,0.954124273255814
2019-02-01,Internal Combustion Engine,Kitsap,1082,0.9854280510018215
2019-02-01,Internal Combustion Engine,Pierce,3502,0.9834316203313676
2019-02-01,Internal Combustion Engine,Snohomish,2930,0.9628655931646402
2020-02-01,Battery Electric Vehicle,King,319,0.026876737720111215
2020-02-01,Battery Electric Vehicle,Kitsap,17,0.013147718484145398
2020-02-01,Battery Electric Vehicle,Pierce,38,0.009261515963928832
2020-02-01,Battery Electric Vehicle,Snohomish,58,0.01733931240657698
2020-02-01,Hybrid Electric Vehicle,King,362,0.030499620861066643
2020-02-01,Hybrid Electric Vehicle,Kitsap,24,0.018561484918793503
2020-02-01,Hybrid Electric Vehicle,Pierce,77,0.01876675603217158
2020-02-01,Hybrid Electric Vehicle,Snohomish,94,0.028101644245142002
2020-02-01,Internal Combustion Engine,King,11188,0.9426236414188222
2020-02-01,Internal Combustion Engine,Kitsap,1252,0.9682907965970611
2020-02-01,Internal Combustion Engine,Pierce,3988,0.9719717280038996
2020-02-01,Internal Combustion Engine,Snohomish,3193,0.954559043348281
2021-02-01,Battery Electric Vehicle,King,805,0.08055638947263084
2021-02-01,Battery Electric Vehicle,Kitsap,36,0.0288
2021-02-01,Battery Electric Vehicle,Pierce,93,0.02210601378654623
2021-02-01,Battery Electric Vehicle,Snohomish,151,0.0451555023923445
2021-02-01,Hybrid Electric Vehicle,King,547,0.05473831682177524
2021-02-01,Hybrid Electric Vehicle,Kitsap,44,0.0352
2021-02-01,Hybrid Electric Vehicle,Pierce,152,0.03613025909198954
2021-02-01,Hybrid Electric Vehicle,Snohomish,129,0.038576555023923445
2021-02-01,Internal Combustion Engine,King,8641,0.8647052937055939
2021-02-01,Internal Combustion Engine,Kitsap,1170,0.936
2021-02-01,Internal Combustion Engine,Pierce,3962,0.9417637271214643
2021-02-01,Internal Combustion Engine,Snohomish,3064,0.916267942583732
2022-02-01,Battery Electric Vehicle,King,988,0.09561598761250363
2022-02-01,Battery Electric Vehicle,Kitsap,47,0.038180341186027617
2022-02-01,Battery Electric Vehicle,Pierce,122,0.03024293505205751
2022-02-01,Battery Electric Vehicle,Snohomish,248,0.07057484348321001
2022-02-01,Hybrid Electric Vehicle,King,930,0.09000290331946192
2022-02-01,Hybrid Electric Vehicle,Kitsap,70,0.05686433793663688
2022-02-01,Hybrid Electric Vehicle,Pierce,268,0.06643529995042141
2022-02-01,Hybrid Electric Vehicle,Snohomish,260,0.07398975526465566
2022-02-01,Internal Combustion Engine,King,8415,0.8143811090680344
2022-02-01,Internal Combustion Engine,Kitsap,1114,0.9049553208773355
2022-02-01,Internal Combustion Engine,Pierce,3644,0.903321764997521
2022-02-01,Internal Combustion Engine,Snohomish,3006,0.8554354012521344
2023-02-01,Battery Electric Vehicle,King,1439,0.1494599085999169
2023-02-01,Battery Electric Vehicle,Kitsap,72,0.06805293005671077
2023-02-01,Battery Electric Vehicle,Pierce,212,0.05659369994660972
2023-02-01,Battery Electric Vehicle,Snohomish,357,0.10857664233576643
2023-02-01,Hybrid Electric Vehicle,King,742,0.07706688824262567
2023-02-01,Hybrid Electric Vehicle,Kitsap,66,0.062381852551984876
2023-02-01,Hybrid Electric Vehicle,Pierce,217,0.05792845702082221
2023-02-01,Hybrid Electric Vehicle,Snohomish,243,0.0739051094890511
2023-02-01,Internal Combustion Engine,King,7447,0.7734732031574574
2023-02-01,Internal Combustion Engine,Kitsap,920,0.8695652173913043
2023-02-01,Internal Combustion Engine,Pierce,3317,0.885477843032568
2023-02-01,Internal Combustion Engine,Snohomish,2688,0.8175182481751825
2017-03-01,Battery Electric Vehicle,King,325,0.01914693059974078
2017-03-01,Battery Electric Vehicle,Kitsap,15,0.009305210918114143
2017-03-01,Battery Electric Vehicle,Pierce,29,0.005469634100339495
2017-03-01,Battery Electric Vehicle,Snohomish,63,0.014426379665674376
2017-03-01,Hybrid Electric Vehicle,King,156,0.009190526687875575
2017-03-01,Hybrid Electric Vehicle,Kitsap,2,0.0012406947890818859
2017-03-01,Hybrid Electric Vehicle,Pierce,19,0.0035835533760844966
2017-03-01,Hybrid Electric Vehicle,Snohomish,10,0.002289901534234028
2017-03-01,Internal Combustion Engine,King,16493,0.9716625427123836
2017-03-01,Internal Combustion Engine,Kitsap,1595,0.989454094292804
2017-03-01,Internal Combustion Engine,Pierce,5254,0.990946812523576
2017-03-01,Internal Combustion Engine,Snohomish,4294,0.9832837188000916
2018-03-01,Battery Electric Vehicle,King,329,0.021994919106832465
2018-03-01,Battery Electric Vehicle,Kitsap,21,0.013496143958868894
2018-03-01,Battery Electric Vehicle,Pierce,31,0.006046420908913595
2018-03-01,Battery Electric Vehicle,Snohomish,57,0.013970588235294118
2018-03-01,Hybrid Electric Vehicle,King,142,0.009493247760395776
2018-03-01,Hybrid Electric Vehicle,Kitsap,6,0.0038560411311053984
2018-03-01,Hybrid Electric Vehicle,Pierce,15,0.002925687536571094
2018-03-01,Hybrid Electric Vehicle,Snohomish,25,0.006127450980392157
2018-03-01,Internal Combustion Engine,King,14487,0.9685118331327718
2018-03-01,Internal Combustion Engine,Kitsap,1529,0.9826478149100257
2018-03-01,Internal Combustion Engine,Pierce,5081,0.9910278915545153
2018-03-01,Internal Combustion Engine,Snohomish,3998,0.9799019607843137
2019-03-01,Battery Electric Vehicle,King,313,0.02114579110930955
2019-03-01,Battery Electric Vehicle,Kitsap,9,0.00663716814159292
2019-03-01,Battery Electric Vehicle,Pierce,35,0.007329842931937173
2019-03-01,Battery Electric Vehicle,Snohomish,78,0.019514635976982737
2019-03-01,Hybrid Electric Vehicle,King,111,0.0074989866234292666
2019-03-01,Hybrid Electric Vehicle,Kitsap,6,0.004424778761061947
2019-03-01,Hybrid Electric Vehicle,Pierce,25,0.005235602094240838
2019-03-01,Hybrid Electric Vehicle,Snohomish,23,0.005754315736802602
2019-03-01,Internal Combustion Engine,King,14378,0.9713552222672612
2019-03-01,Internal Combustion Engine,Kitsap,1341,0.9889380530973452
2019-03-01,Internal Combustion Engine,Pierce,4715,0.987434554973822
2019-03-01,Internal Combustion Engine,Snohomish,3896,0.9747310482862147
2020-03-01,Battery Electric Vehicle,King,631,0.05427490108377774
2020-03-01,Battery Electric Vehicle,Kitsap,29,0.02408637873754153
2020-03-01,Battery Electric Vehicle,Pierce,65,0.015194015895278168
2020-03-01,Battery Electric Vehicle,Snohomish,93,0.025292357900462335
2020-03-01,Hybrid Electric Vehicle,King,338,0.029072767933941167
2020-03-01,Hybrid Electric Vehicle,Kitsap,19,0.015780730897009966
2020-03-01,Hybrid Electric Vehicle,Pierce,85,0.019869097709209912
2020-03-01,Hybrid Electric Vehicle,Snohomish,95,0.025836279575741094
2020-03-01,Internal Combustion Engine,King,10657,0.916652330982281
2020-03-01,Internal Combustion Engine,Kitsap,1156,0.9601328903654485
2020-03-01,Internal Combustion Engine,Pierce,4128,0.9649368863955119
2020-03-01,Internal Combustion Engine,Snohomish,3489,0.9488713625237966
2021-03-01,Battery Electric Vehicle,King,617,0.048350442755269965
2021-03-01,Battery Electric Vehicle,Kitsap,33,0.019879518072289156
2021-03-01,Battery Electric Vehicle,Pierce,112,0.021600771456123432
2021-03-01,Battery Electric Vehicle,Snohomish,156,0.03796544171331224
2021-03-01,Hybrid Electric Vehicle,King,758,0.05939973356320038
2021-03-01,Hybrid Electric Vehicle,Kitsap,72,0.043373493975903614
2021-03-01,Hybrid Electric Vehicle,Pierce,199,0.03837994214079074
2021-03-01,Hybrid Electric Vehicle,Snohomish,171,0.04161596495497688
2021-03-01,Internal Combustion Engine,King,11386,0.8922498236815296
2021-03-01,Internal Combustion Engine,Kitsap,1555,0.9367469879518072
2021-03-01,Internal Combustion Engine,Pierce,4874,0.9400192864030859
2021-03-01,Internal Combustion Engine,Snohomish,3782,0.9204185933317108
2022-03-01,Battery Electric Vehicle,King,1020,0.0856710902066185
2022-03-01,Battery Electric Vehicle,Kitsap,62,0.04505813953488372
2022-03-01,Battery Electric Vehicle,Pierce,152,0.033115468409586055
2022-03-01,Battery Electric Vehicle,Snohomish,233,0.05506972346962893
2022-03-01,Hybrid Electric Vehicle,King,1028,0.0863430203258861
2022-03-01,Hybrid Electric Vehicle,Kitsap,94,0.06831395348837209
2022-03-01,Hybrid Electric Vehicle,Pierce,260,0.05664488017429194
2022-03-01,Hybrid Electric Vehicle,Snohomish,346,0.08177735759867644
2022-03-01,Internal Combustion Engine,King,9858,0.8279858894674954
2022-03-01,Internal Combustion Engine,Kitsap,1220,0.8866279069767442
2022-03-01,Internal Combustion Engine,Pierce,4178,0.910239651416122
2022-03-01,Internal Combustion Engine,Snohomish,3652,0.8631529189316947
2023-03-01,Battery Electric Vehicle,King,1619,0.13366908850726553
2023-03-01,Battery Electric Vehicle,Kitsap,111,0.08302169035153328
2023-03-01,Battery Electric Vehicle,Pierce,307,0.06650779896013864
2023-03-01,Battery Electric Vehicle,Snohomish,485,0.12043704991308667
2023-03-01,Hybrid Electric Vehicle,King,1062,0.08768163804491413
2023-03-01,Hybrid Electric Vehicle,Kitsap,80,0.05983545250560957
2023-03-01,Hybrid Electric Vehicle,Pierce,332,0.07192374350086655
2023-03-01,Hybrid Electric Vehicle,Snohomish,351,0.08716165880307922
2023-03-01,Internal Combustion Engine,King,9431,0.7786492734478203
2023-03-01,Internal Combustion Engine,Kitsap,1146,0.8571428571428571
2023-03-01,Internal Combustion Engine,Pierce,3977,0.8615684575389948
2023-03-01,Internal Combustion Engine,Snohomish,3191,0.7924012912838341
2017-04-01,Battery Electric Vehicle,King,326,0.022296696532384926
2017-04-01,Battery Electric Vehicle,Kitsap,15,0.010080645161290322
2017-04-01,Battery Electric Vehicle,Pierce,40,0.008335069806209627
2017-04-01,Battery Electric Vehicle,Snohomish,61,0.015361369932007051
2017-04-01,Hybrid Electric Vehicle,King,123,0.00841255728062376
2017-04-01,Hybrid Electric Vehicle,Kitsap,11,0.00739247311827957
2017-04-01,Hybrid Electric Vehicle,Pierce,22,0.004584288393415295
2017-04-01,Hybrid Electric Vehicle,Snohomish,30,0.007554772097708386
2017-04-01,Internal Combustion Engine,King,14172,0.9692907461869913
2017-04-01,Internal Combustion Engine,Kitsap,1462,0.9825268817204301
2017-04-01,Internal Combustion Engine,Pierce,4737,0.987080641800375
2017-04-01,Internal Combustion Engine,Snohomish,3880,0.9770838579702845
2018-04-01,Battery Electric Vehicle,King,386,0.027950760318609703
2018-04-01,Battery Electric Vehicle,Kitsap,13,0.009259259259259259
2018-04-01,Battery Electric Vehicle,Pierce,44,0.00917813934084272
2018-04-01,Battery Electric Vehicle,Snohomish,70,0.017618927762396173
2018-04-01,Hybrid Electric Vehicle,King,131,0.00948587979724837
2018-04-01,Hybrid Electric Vehicle,Kitsap,7,0.004985754985754986
2018-04-01,Hybrid Electric Vehicle,Pierce,19,0.003963287442636629
2018-04-01,Hybrid Electric Vehicle,Snohomish,13,0.0032720865844450037
2018-04-01,Internal Combustion Engine,King,13293,0.9625633598841419
2018-04-01,Internal Combustion Engine,Kitsap,1384,0.9857549857549858
2018-04-01,Internal Combustion Engine,Pierce,4731,0.9868585732165206
2018-04-01,Internal Combustion Engine,Snohomish,3890,0.9791089856531588
2019-04-01,Battery Electric Vehicle,King,717,0.0482470896978669
2019-04-01,Battery Electric Vehicle,Kitsap,23,0.015062213490504257
2019-04-01,Battery Electric Vehicle,Pierce,62,0.012326043737574552
2019-04-01,Battery Electric Vehicle,Snohomish,120,0.027913468248429867
2019-04-01,Hybrid Electric Vehicle,King,207,0.013929076105241908
2019-04-01,Hybrid Electric Vehicle,Kitsap,6,0.003929273084479371
2019-04-01,Hybrid Electric Vehicle,Pierce,47,0.00934393638170974
2019-04-01,Hybrid Electric Vehicle,Snohomish,26,0.006047918120493138
2019-04-01,Internal Combustion Engine,King,13937,0.9378238341968912
2019-04-01,Internal Combustion Engine,Kitsap,1498,0.9810085134250164
2019-04-01,Internal Combustion Engine,Pierce,4921,0.9783300198807157
2019-04-01,Internal Combustion Engine,Snohomish,4153,0.966038613631077
2020-04-01,Battery Electric Vehicle,King,380,0.08315098468271334
2020-04-01,Battery Electric Vehicle,Kitsap,28,0.023972602739726026
2020-04-01,Battery Electric Vehicle,Pierce,51,0.023943661971830985
2020-04-01,Battery Electric Vehicle,Snohomish,62,0.039315155358275206
2020-04-01,Hybrid Electric Vehicle,King,135,0.02954048140043764
2020-04-01,Hybrid Electric Vehicle,Kitsap,17,0.014554794520547944
2020-04-01,Hybrid Electric Vehicle,Pierce,21,0.009859154929577466
2020-04-01,Hybrid Electric Vehicle,Snohomish,42,0.02663284717818643
2020-04-01,Internal Combustion Engine,King,4055,0.887308533916849
2020-04-01,Internal Combustion Engine,Kitsap,1123,0.961472602739726
2020-04-01,Internal Combustion Engine,Pierce,2058,0.9661971830985916
2020-04-01,Internal Combustion Engine,Snohomish,1473,0.9340519974635384
2021-04-01,Battery Electric Vehicle,King,1298,0.09336114507660218
2021-04-01,Battery Electric Vehicle,Kitsap,78,0.045507584597432905
2021-04-01,Battery Electric Vehicle,Pierce,150,0.026164311878597593
2021-04-01,Battery Electric Vehicle,Snohomish,279,0.05942492012779553
2021-04-01,Hybrid Electric Vehicle,King,817,0.05876429547579659
2021-04-01,Hybrid Electric Vehicle,Kitsap,80,0.046674445740956826
2021-04-01,Hybrid Electric Vehicle,Pierce,240,0.04186289900575615
2021-04-01,Hybrid Electric Vehicle,Snohomish,248,0.05282215122470713
2021-04-01,Internal Combustion Engine,King,11788,0.8478745594476013
2021-04-01,Internal Combustion Engine,Kitsap,1556,0.9078179696616102
2021-04-01,Internal Combustion Engine,Pierce,5343,0.9319727891156463
2021-04-01,Internal Combustion Engine,Snohomish,4168,0.8877529286474973
2022-04-01,Battery Electric Vehicle,King,1444,0.12415097584042645
2022-04-01,Battery Electric Vehicle,Kitsap,67,0.05079605761940864
2022-04-01,Battery Electric Vehicle,Pierce,190,0.04285069914298602
2022-04-01,Battery Electric Vehicle,Snohomish,327,0.0829107505070994
2022-04-01,Hybrid Electric Vehicle,King,903,0.07763734846530823
2022-04-01,Hybrid Electric Vehicle,Kitsap,84,0.06368460955269144
2022-04-01,Hybrid Electric Vehicle,Pierce,283,0.06382498872350023
2022-04-01,Hybrid Electric Vehicle,Snohomish,249,0.0631338742393509
2022-04-01,Internal Combustion Engine,King,9284,0.7982116756942653
2022-04-01,Internal Combustion Engine,Kitsap,1168,0.8855193328279
2022-04-01,Internal Combustion Engine,Pierce,3961,0.8933243121335137
2022-04-01,Internal Combustion Engine,Snohomish,3368,0.8539553752535497
2023-04-01,Battery Electric Vehicle,King,1960,0.1767995670214685
2023-04-01,Battery Electric Vehicle,Kitsap,95,0.08037225042301184
2023-04-01,Battery Electric Vehicle,Pierce,329,0.07927710843373494
2023-04-01,Battery Electric Vehicle,Snohomish,450,0.12482662968099861
2023-04-01,Hybrid Electric Vehicle,King,993,0.08957243370016237
2023-04-01,Hybrid Electric Vehicle,Kitsap,80,0.0676818950930626
2023-04-01,Hybrid Electric Vehicle,Pierce,308,0.07421686746987952
2023-04-01,Hybrid Electric Vehicle,Snohomish,283,0.07850208044382802
2023-04-01,Internal Combustion Engine,King,8133,0.7336279992783691
2023-04-01,Internal Combustion Engine,Kitsap,1007,0.8519458544839256
2023-04-01,Internal Combustion Engine,Pierce,3513,0.8465060240963855
2023-04-01,Internal Combustion Engine,Snohomish,2872,0.7966712898751733
2017-05-01,Battery Electric Vehicle,King,346,0.01964569611628435
2017-05-01,Battery Electric Vehicle,Kitsap,15,0.009927200529450696
2017-05-01,Battery Electric Vehicle,Pierce,21,0.004194128220491312
2017-05-01,Battery Electric Vehicle,Snohomish,50,0.011394712853236098
2017-05-01,Hybrid Electric Vehicle,King,136,0.007722007722007722
2017-05-01,Hybrid Electric Vehicle,Kitsap,19,0.01257445400397088
2017-05-01,Hybrid Electric Vehicle,Pierce,23,0.004593569003395246
2017-05-01,Hybrid Electric Vehicle,Snohomish,16,0.0036463081130355514
2017-05-01,Internal Combustion Engine,King,17130,0.9726322961617079
2017-05-01,Internal Combustion Engine,Kitsap,1477,0.9774983454665784
2017-05-01,Internal Combustion Engine,Pierce,4963,0.9912123027761135
2017-05-01,Internal Combustion Engine,Snohomish,4322,0.9849589790337283
2018-05-01,Battery Electric Vehicle,King,586,0.037116797567772995
2018-05-01,Battery Electric Vehicle,Kitsap,43,0.026858213616489695
2018-05-01,Battery Electric Vehicle,Pierce,40,0.00798562587342783
2018-05-01,Battery Electric Vehicle,Snohomish,107,0.023195317580750056
2018-05-01,Hybrid Electric Vehicle,King,129,0.008170762604509755
2018-05-01,Hybrid Electric Vehicle,Kitsap,10,0.006246096189881324
2018-05-01,Hybrid Electric Vehicle,Pierce,21,0.004192453583549611
2018-05-01,Hybrid Electric Vehicle,Snohomish,24,0.00520268805549534
2018-05-01,Internal Combustion Engine,King,15073,0.9547124398277173
2018-05-01,Internal Combustion Engine,Kitsap,1548,0.966895690193629
2018-05-01,Internal Combustion Engine,Pierce,4948,0.9878219205430225
2018-05-01,Internal Combustion Engine,Snohomish,4482,0.9716019943637546
2019-05-01,Battery Electric Vehicle,King,486,0.03131241543714967
2019-05-01,Battery Electric Vehicle,Kitsap,28,0.016018306636155607
2019-05-01,Battery Electric Vehicle,Pierce,68,0.01320901320901321
2019-05-01,Battery Electric Vehicle,Snohomish,78,0.018660287081339714
2019-05-01,Hybrid Electric Vehicle,King,351,0.02261452226016365
2019-05-01,Hybrid Electric Vehicle,Kitsap,27,0.015446224256292907
2019-05-01,Hybrid Electric Vehicle,Pierce,82,0.015928515928515928
2019-05-01,Hybrid Electric Vehicle,Snohomish,79,0.01889952153110048
2019-05-01,Internal Combustion Engine,King,14684,0.9460730623026867
2019-05-01,Internal Combustion Engine,Kitsap,1693,0.9685354691075515
2019-05-01,Internal Combustion Engine,Pierce,4998,0.9708624708624709
2019-05-01,Internal Combustion Engine,Snohomish,4023,0.9624401913875598
2020-05-01,Battery Electric Vehicle,King,143,0.025167194649771206
2020-05-01,Battery Electric Vehicle,Kitsap,9,0.010416666666666666
2020-05-01,Battery Electric Vehicle,Pierce,22,0.0075419952005485085
2020-05-01,Battery Electric Vehicle,Snohomish,27,0.012391005048187242
2020-05-01,Hybrid Electric Vehicle,King,130,0.02287926786342837
2020-05-01,Hybrid Electric Vehicle,Kitsap,14,0.016203703703703703
2020-05-01,Hybrid Electric Vehicle,Pierce,45,0.015426808364758314
2020-05-01,Hybrid Electric Vehicle,Snohomish,30,0.013767783386874713
2020-05-01,Internal Combustion Engine,King,5409,0.9519535374868004
2020-05-01,Internal Combustion Engine,Kitsap,841,0.9733796296296297
2020-05-01,Internal Combustion Engine,Pierce,2850,0.9770311964346932
2020-05-01,Internal Combustion Engine,Snohomish,2122,0.9738412115649381
2021-05-01,Battery Electric Vehicle,King,957,0.07545533391153512
2021-05-01,Battery Electric Vehicle,Kitsap,74,0.04956463496316142
2021-05-01,Battery Electric Vehicle,Pierce,127,0.023930657622008668
2021-05-01,Battery Electric Vehicle,Snohomish,221,0.050595238095238096
2021-05-01,Hybrid Electric Vehicle,King,843,0.0664669242292833
2021-05-01,Hybrid Electric Vehicle,Kitsap,69,0.046215673141326186
2021-05-01,Hybrid Electric Vehicle,Pierce,254,0.047861315244017336
2021-05-01,Hybrid Electric Vehicle,Snohomish,262,0.059981684981684984
2021-05-01,Internal Combustion Engine,King,10883,0.8580777418591816
2021-05-01,Internal Combustion Engine,Kitsap,1350,0.9042196918955124
2021-05-01,Internal Combustion Engine,Pierce,4926,0.928208027133974
2021-05-01,Internal Combustion Engine,Snohomish,3885,0.8894230769230769
2022-05-01,Battery Electric Vehicle,King,910,0.07928901280822515
2022-05-01,Battery Electric Vehicle,Kitsap,47,0.03552532123960695
2022-05-01,Battery Electric Vehicle,Pierce,150,0.03526093088857546
2022-05-01,Battery Electric Vehicle,Snohomish,183,0.0505804311774461
2022-05-01,Hybrid Electric Vehicle,King,891,0.07763352792541604
2022-05-01,Hybrid Electric Vehicle,Kitsap,69,0.05215419501133787
2022-05-01,Hybrid Electric Vehicle,Pierce,275,0.06464503996238834
2022-05-01,Hybrid Electric Vehicle,Snohomish,290,0.08015478164731896
2022-05-01,Internal Combustion Engine,King,9676,0.8430774592663588
2022-05-01,Internal Combustion Engine,Kitsap,1207,0.9123204837490552
2022-05-01,Internal Combustion Engine,Pierce,3829,0.9000940291490362
2022-05-01,Internal Combustion Engine,Snohomish,3145,0.8692647871752349
2017-06-01,Battery Electric Vehicle,King,357,0.01990521327014218
2017-06-01,Battery Electric Vehicle,Kitsap,13,0.0076650943396226415
2017-06-01,Battery Electric Vehicle,Pierce,31,0.005769588684161549
2017-06-01,Battery Electric Vehicle,Snohomish,59,0.012604144413586841
2017-06-01,Hybrid Electric Vehicle,King,153,0.008530805687203791
2017-06-01,Hybrid Electric Vehicle,Kitsap,12,0.007075471698113208
2017-06-01,Hybrid Electric Vehicle,Pierce,21,0.003908431044109436
2017-06-01,Hybrid Electric Vehicle,Snohomish,17,0.003631702627643666
2017-06-01,Internal Combustion Engine,King,17425,0.9715639810426541
2017-06-01,Internal Combustion Engine,Kitsap,1671,0.9852594339622641
2017-06-01,Internal Combustion Engine,Pierce,5321,0.990321980271729
2017-06-01,Internal Combustion Engine,Snohomish,4605,0.9837641529587695
2018-06-01,Battery Electric Vehicle,King,567,0.03561781518939632
2018-06-01,Battery Electric Vehicle,Kitsap,23,0.01471529110684581
2018-06-01,Battery Electric Vehicle,Pierce,53,0.010022692889561272
2018-06-01,Battery Electric Vehicle,Snohomish,87,0.018766177739430543
2018-06-01,Hybrid Electric Vehicle,King,137,0.0086060682203656
2018-06-01,Hybrid Electric Vehicle,Kitsap,5,0.003198976327575176
2018-06-01,Hybrid Electric Vehicle,Pierce,21,0.00397125567322239
2018-06-01,Hybrid Electric Vehicle,Snohomish,29,0.006255392579810181
2018-06-01,Internal Combustion Engine,King,15215,0.9557761165902381
2018-06-01,Internal Combustion Engine,Kitsap,1535,0.982085732565579
2018-06-01,Internal Combustion Engine,Pierce,5214,0.9860060514372163
2018-06-01,Internal Combustion Engine,Snohomish,4520,0.9749784296807593
2019-06-01,Battery Electric Vehicle,King,612,0.0399451732915606
2019-06-01,Battery Electric Vehicle,Kitsap,25,0.01725327812284334
2019-06-01,Battery Electric Vehicle,Pierce,66,0.013681592039800995
2019-06-01,Battery Electric Vehicle,Snohomish,129,0.029145955716222322
2019-06-01,Hybrid Electric Vehicle,King,377,0.024606748906729325
2019-06-01,Hybrid Electric Vehicle,Kitsap,21,0.014492753623188406
2019-06-01,Hybrid Electric Vehicle,Pierce,74,0.015339966832504145
2019-06-01,Hybrid Electric Vehicle,Snohomish,98,0.022141888838680523
2019-06-01,Internal Combustion Engine,King,14332,0.93544807780171
2019-06-01,Internal Combustion Engine,Kitsap,1403,0.9682539682539683
2019-06-01,Internal Combustion Engine,Pierce,4684,0.9709784411276948
2019-06-01,Internal Combustion Engine,Snohomish,4199,0.9487121554450971
2020-06-01,Battery Electric Vehicle,King,284,0.027376132639290535
2020-06-01,Battery Electric Vehicle,Kitsap,20,0.013262599469496022
2020-06-01,Battery Electric Vehicle,Pierce,39,0.007883565797453002
2020-06-01,Battery Electric Vehicle,Snohomish,56,0.014889657006115395
2020-06-01,Hybrid Electric Vehicle,King,399,0.038461538461538464
2020-06-01,Hybrid Electric Vehicle,Kitsap,44,0.029177718832891247
2020-06-01,Hybrid Electric Vehicle,Pierce,110,0.02223569840307257
2020-06-01,Hybrid Electric Vehicle,Snohomish,93,0.02472746609944164
2020-06-01,Internal Combustion Engine,King,9691,0.9341623288991711
2020-06-01,Internal Combustion Engine,Kitsap,1444,0.9575596816976127
2020-06-01,Internal Combustion Engine,Pierce,4798,0.9698807357994744
2020-06-01,Internal Combustion Engine,Snohomish,3612,0.960382876894443
2021-06-01,Battery Electric Vehicle,King,799,0.06120729278382105
2021-06-01,Battery Electric Vehicle,Kitsap,66,0.03898405197873597
2021-06-01,Battery Electric Vehicle,Pierce,119,0.021715328467153284
2021-06-01,Battery Electric Vehicle,Snohomish,178,0.038042316734344946
2021-06-01,Hybrid Electric Vehicle,King,796,0.06097747816761146
2021-06-01,Hybrid Electric Vehicle,Kitsap,81,0.047844063792085056
2021-06-01,Hybrid Electric Vehicle,Pierce,247,0.045072992700729925
2021-06-01,Hybrid Electric Vehicle,Snohomish,250,0.05343022013250694
2021-06-01,Internal Combustion Engine,King,11459,0.8778152290485675
2021-06-01,Internal Combustion Engine,Kitsap,1546,0.9131718842291789
2021-06-01,Internal Combustion Engine,Pierce,5114,0.9332116788321168
2021-06-01,Internal Combustion Engine,Snohomish,4251,0.9085274631331481
2022-06-01,Battery Electric Vehicle,King,1093,0.08853786958282706
2022-06-01,Battery Electric Vehicle,Kitsap,51,0.03490759753593429
2022-06-01,Battery Electric Vehicle,Pierce,143,0.03137340939008337
2022-06-01,Battery Electric Vehicle,Snohomish,250,0.06232859636000997
2022-06-01,Hybrid Electric Vehicle,King,1129,0.09145402997164843
2022-06-01,Hybrid Electric Vehicle,Kitsap,90,0.061601642710472276
2022-06-01,Hybrid Electric Vehicle,Pierce,333,0.07305835892935499
2022-06-01,Hybrid Electric Vehicle,Snohomish,320,0.07978060334081276
2022-06-01,Internal Combustion Engine,King,10123,0.8200081004455245
2022-06-01,Internal Combustion Engine,Kitsap,1320,0.9034907597535934
2022-06-01,Internal Combustion Engine,Pierce,4082,0.8955682316805617
2022-06-01,Internal Combustion Engine,Snohomish,3441,0.8578908002991773
2017-07-01,Battery Electric Vehicle,King,312,0.021175512420252476
2017-07-01,Battery Electric Vehicle,Kitsap,18,0.012543554006968641
2017-07-01,Battery Electric Vehicle,Pierce,33,0.006610576923076923
2017-07-01,Battery Electric Vehicle,Snohomish,50,0.011984659635666348
2017-07-01,Hybrid Electric Vehicle,King,126,0.008551649246640423
2017-07-01,Hybrid Electric Vehicle,Kitsap,8,0.005574912891986063
2017-07-01,Hybrid Electric Vehicle,Pierce,20,0.004006410256410256
2017-07-01,Hybrid Electric Vehicle,Snohomish,29,0.006951102588686481
2017-07-01,Internal Combustion Engine,King,14296,0.9702728383331071
2017-07-01,Internal Combustion Engine,Kitsap,1409,0.9818815331010453
2017-07-01,Internal Combustion Engine,Pierce,4939,0.9893830128205128
2017-07-01,Internal Combustion Engine,Snohomish,4093,0.9810642377756472
2018-07-01,Battery Electric Vehicle,King,404,0.028016643550624134
2018-07-01,Battery Electric Vehicle,Kitsap,16,0.010120177103099304
2018-07-01,Battery Electric Vehicle,Pierce,23,0.004703476482617587
2018-07-01,Battery Electric Vehicle,Snohomish,61,0.014410583510512638
2018-07-01,Hybrid Electric Vehicle,King,133,0.009223300970873786
2018-07-01,Hybrid Electric Vehicle,Kitsap,10,0.006325110689437065
2018-07-01,Hybrid Electric Vehicle,Pierce,28,0.0057259713701431495
2018-07-01,Hybrid Electric Vehicle,Snohomish,21,0.004961020552799433
2018-07-01,Internal Combustion Engine,King,13883,0.9627600554785021
2018-07-01,Internal Combustion Engine,Kitsap,1555,0.9835547122074636
2018-07-01,Internal Combustion Engine,Pierce,4839,0.9895705521472392
2018-07-01,Internal Combustion Engine,Snohomish,4151,0.9806283959366879
2019-07-01,Battery Electric Vehicle,King,642,0.044502980729238875
2019-07-01,Battery Electric Vehicle,Kitsap,42,0.02586206896551724
2019-07-01,Battery Electric Vehicle,Pierce,71,0.01395988989382619
2019-07-01,Battery Electric Vehicle,Snohomish,113,0.025571396243494002
2019-07-01,Hybrid Electric Vehicle,King,344,0.023845833910994037
2019-07-01,Hybrid Electric Vehicle,Kitsap,21,0.01293103448275862
2019-07-01,Hybrid Electric Vehicle,Pierce,74,0.014549744396382226
2019-07-01,Hybrid Electric Vehicle,Snohomish,84,0.019008825526137134
2019-07-01,Internal Combustion Engine,King,13440,0.9316511853597671
2019-07-01,Internal Combustion Engine,Kitsap,1561,0.9612068965517241
2019-07-01,Internal Combustion Engine,Pierce,4941,0.9714903657097916
2019-07-01,Internal Combustion Engine,Snohomish,4222,0.9554197782303688
2020-07-01,Battery Electric Vehicle,King,870,0.06820319849482596
2020-07-01,Battery Electric Vehicle,Kitsap,47,0.028994447871684145
2020-07-01,Battery Electric Vehicle,Pierce,85,0.016132093376352248
2020-07-01,Battery Electric Vehicle,Snohomish,157,0.036897767332549944
2020-07-01,Hybrid Electric Vehicle,King,549,0.043038570084666036
2020-07-01,Hybrid Electric Vehicle,Kitsap,47,0.028994447871684145
2020-07-01,Hybrid Electric Vehicle,Pierce,132,0.025052192066805846
2020-07-01,Hybrid Electric Vehicle,Snohomish,144,0.03384253819036428
2020-07-01,Internal Combustion Engine,King,11337,0.888758231420508
2020-07-01,Internal Combustion Engine,Kitsap,1527,0.9420111042566317
2020-07-01,Internal Combustion Engine,Pierce,5052,0.9588157145568419
2020-07-01,Internal Combustion Engine,Snohomish,3954,0.9292596944770858
2021-07-01,Battery Electric Vehicle,King,1530,0.11576876513317191
2021-07-01,Battery Electric Vehicle,Kitsap,90,0.05725190839694656
2021-07-01,Battery Electric Vehicle,Pierce,210,0.042151746286631875
2021-07-01,Battery Electric Vehicle,Snohomish,295,0.06756756756756757
2021-07-01,Hybrid Electric Vehicle,King,585,0.04426452784503632
2021-07-01,Hybrid Electric Vehicle,Kitsap,68,0.043256997455470736
2021-07-01,Hybrid Electric Vehicle,Pierce,204,0.040947410678442396
2021-07-01,Hybrid Electric Vehicle,Snohomish,158,0.03618873110398534
2021-07-01,Internal Combustion Engine,King,11101,0.8399667070217918
2021-07-01,Internal Combustion Engine,Kitsap,1414,0.8994910941475827
2021-07-01,Internal Combustion Engine,Pierce,4568,0.9169008430349257
2021-07-01,Internal Combustion Engine,Snohomish,3913,0.8962437013284471
2022-07-01,Battery Electric Vehicle,King,1518,0.12971033068443988
2022-07-01,Battery Electric Vehicle,Kitsap,87,0.07213930348258707
2022-07-01,Battery Electric Vehicle,Pierce,221,0.05384990253411306
2022-07-01,Battery Electric Vehicle,Snohomish,336,0.08670967741935484
2022-07-01,Hybrid Electric Vehicle,King,815,0.06964026318038109
2022-07-01,Hybrid Electric Vehicle,Kitsap,63,0.05223880597014925
2022-07-01,Hybrid Electric Vehicle,Pierce,235,0.05726120857699805
2022-07-01,Hybrid Electric Vehicle,Snohomish,279,0.072
2022-07-01,Internal Combustion Engine,King,9370,0.800649406135179
2022-07-01,Internal Combustion Engine,Kitsap,1056,0.8756218905472637
2022-07-01,Internal Combustion Engine,Pierce,3648,0.8888888888888888
2022-07-01,Internal Combustion Engine,Snohomish,3260,0.8412903225806452
2017-08-01,Battery Electric Vehicle,King,278,0.018188955770740645
2017-08-01,Battery Electric Vehicle,Kitsap,21,0.011993146773272416
2017-08-01,Battery Electric Vehicle,Pierce,24,0.0045087356753710315
2017-08-01,Battery Electric Vehicle,Snohomish,44,0.009517629245078953
2017-08-01,Hybrid Electric Vehicle,King,148,0.009683328971473436
2017-08-01,Hybrid Electric Vehicle,Kitsap,10,0.0057110222729868645
2017-08-01,Hybrid Electric Vehicle,Pierce,21,0.003945143715949653
2017-08-01,Hybrid Electric Vehicle,Snohomish,25,0.0054077438892494055
2017-08-01,Internal Combustion Engine,King,14858,0.972127715257786
2017-08-01,Internal Combustion Engine,Kitsap,1720,0.9822958309537407
2017-08-01,Internal Combustion Engine,Pierce,5278,0.9915461206086793
2017-08-01,Internal Combustion Engine,Snohomish,4554,0.9850746268656716
2018-08-01,Battery Electric Vehicle,King,333,0.023511967803431476
2018-08-01,Battery Electric Vehicle,Kitsap,20,0.012919896640826873
2018-08-01,Battery Electric Vehicle,Pierce,38,0.007150922092585623
2018-08-01,Battery Electric Vehicle,Snohomish,45,0.00986625739969305
2018-08-01,Hybrid Electric Vehicle,King,143,0.010096730918590695
2018-08-01,Hybrid Electric Vehicle,Kitsap,12,0.007751937984496124
2018-08-01,Hybrid Electric Vehicle,Pierce,21,0.003951825366955213
2018-08-01,Hybrid Electric Vehicle,Snohomish,22,0.0048235036176277135
2018-08-01,Internal Combustion Engine,King,13687,0.9663913012779778
2018-08-01,Internal Combustion Engine,Kitsap,1516,0.979328165374677
2018-08-01,Internal Combustion Engine,Pierce,5255,0.9888972525404591
2018-08-01,Internal Combustion Engine,Snohomish,4494,0.9853102389826792
2019-08-01,Battery Electric Vehicle,King,484,0.03549167705507077
2019-08-01,Battery Electric Vehicle,Kitsap,25,0.01529051987767584
2019-08-01,Battery Electric Vehicle,Pierce,57,0.011291600633914422
2019-08-01,Battery Electric Vehicle,Snohomish,94,0.022248520710059172
2019-08-01,Hybrid Electric Vehicle,King,443,0.03248515069296766
2019-08-01,Hybrid Electric Vehicle,Kitsap,47,0.02874617737003058
2019-08-01,Hybrid Electric Vehicle,Pierce,100,0.019809825673534072
2019-08-01,Hybrid Electric Vehicle,Snohomish,122,0.028875739644970415
2019-08-01,Internal Combustion Engine,King,12710,0.9320231722519616
2019-08-01,Internal Combustion Engine,Kitsap,1563,0.9559633027522936
2019-08-01,Internal Combustion Engine,Pierce,4891,0.9688985736925515
2019-08-01,Internal Combustion Engine,Snohomish,4009,0.9488757396449704
2020-08-01,Battery Electric Vehicle,King,447,0.039080258786501135
2020-08-01,Battery Electric Vehicle,Kitsap,27,0.019217081850533807
2020-08-01,Battery Electric Vehicle,Pierce,68,0.014297729184188394
2020-08-01,Battery Electric Vehicle,Snohomish,76,0.020015801948907033
2020-08-01,Hybrid Electric Vehicle,King,400,0.03497114880223815
2020-08-01,Hybrid Electric Vehicle,Kitsap,26,0.018505338078291814
2020-08-01,Hybrid Electric Vehicle,Pierce,73,0.015349032800672834
2020-08-01,Hybrid Electric Vehicle,Snohomish,78,0.020542533579141427
2020-08-01,Internal Combustion Engine,King,10591,0.9259485924112607
2020-08-01,Internal Combustion Engine,Kitsap,1352,0.9622775800711744
2020-08-01,Internal Combustion Engine,Pierce,4615,0.9703532380151387
2020-08-01,Internal Combustion Engine,Snohomish,3643,0.9594416644719516
2021-08-01,Battery Electric Vehicle,King,1128,0.08784362588583444
2021-08-01,Battery Electric Vehicle,Kitsap,48,0.031413612565445025
2021-08-01,Battery Electric Vehicle,Pierce,150,0.0312565117732861
2021-08-01,Battery Electric Vehicle,Snohomish,262,0.05907553551296505
2021-08-01,Hybrid Electric Vehicle,King,895,0.06969862160267892
2021-08-01,Hybrid Electric Vehicle,Kitsap,60,0.03926701570680628
2021-08-01,Hybrid Electric Vehicle,Pierce,229,0.04771827464055012
2021-08-01,Hybrid Electric Vehicle,Snohomish,267,0.06020293122886133
2021-08-01,Internal Combustion Engine,King,10818,0.8424577525114867
2021-08-01,Internal Combustion Engine,Kitsap,1420,0.9293193717277487
2021-08-01,Internal Combustion Engine,Pierce,4420,0.9210252135861637
2021-08-01,Internal Combustion Engine,Snohomish,3906,0.8807215332581736
2022-08-01,Battery Electric Vehicle,King,1340,0.10645058786145535
2022-08-01,Battery Electric Vehicle,Kitsap,77,0.059367771781033155
2022-08-01,Battery Electric Vehicle,Pierce,211,0.04355904211395541
2022-08-01,Battery Electric Vehicle,Snohomish,331,0.0792814371257485
2022-08-01,Hybrid Electric Vehicle,King,897,0.07125834127740706
2022-08-01,Hybrid Electric Vehicle,Kitsap,48,0.03700848111025443
2022-08-01,Hybrid Electric Vehicle,Pierce,280,0.057803468208092484
2022-08-01,Hybrid Electric Vehicle,Snohomish,321,0.07688622754491017
2022-08-01,Internal Combustion Engine,King,10351,0.8222910708611376
2022-08-01,Internal Combustion Engine,Kitsap,1172,0.9036237471087124
2022-08-01,Internal Combustion Engine,Pierce,4353,0.8986374896779521
2022-08-01,Internal Combustion Engine,Snohomish,3523,0.8438323353293413
2017-09-01,Battery Electric Vehicle,King,338,0.02357207615593835
2017-09-01,Battery Electric Vehicle,Kitsap,16,0.010018785222291797
2017-09-01,Battery Electric Vehicle,Pierce,22,0.004529544986617253
2017-09-01,Battery Electric Vehicle,Snohomish,86,0.020249587944431362
2017-09-01,Hybrid Electric Vehicle,King,152,0.010600460283143874
2017-09-01,Hybrid Electric Vehicle,Kitsap,13,0.008140262993112084
2017-09-01,Hybrid Electric Vehicle,Pierce,15,0.0030883261272390363
2017-09-01,Hybrid Electric Vehicle,Snohomish,20,0.0047092064987049684
2017-09-01,Internal Combustion Engine,King,13849,0.9658274635609178
2017-09-01,Internal Combustion Engine,Kitsap,1568,0.9818409517845961
2017-09-01,Internal Combustion Engine,Pierce,4820,0.9923821288861437
2017-09-01,Internal Combustion Engine,Snohomish,4141,0.9750412055568637
2018-09-01,Battery Electric Vehicle,King,370,0.02819047619047619
2018-09-01,Battery Electric Vehicle,Kitsap,16,0.011469534050179211
2018-09-01,Battery Electric Vehicle,Pierce,27,0.005859375
2018-09-01,Battery Electric Vehicle,Snohomish,44,0.010448824507242936
2018-09-01,Hybrid Electric Vehicle,King,161,0.012266666666666667
2018-09-01,Hybrid Electric Vehicle,Kitsap,10,0.007168458781362007
2018-09-01,Hybrid Electric Vehicle,Pierce,28,0.006076388888888889
2018-09-01,Hybrid Electric Vehicle,Snohomish,21,0.004986938969365947
2018-09-01,Internal Combustion Engine,King,12594,0.9595428571428571
2018-09-01,Internal Combustion Engine,Kitsap,1369,0.9813620071684588
2018-09-01,Internal Combustion Engine,Pierce,4553,0.9880642361111112
2018-09-01,Internal Combustion Engine,Snohomish,4146,0.9845642365233911
2019-09-01,Battery Electric Vehicle,King,593,0.04571032143683034
2019-09-01,Battery Electric Vehicle,Kitsap,24,0.015665796344647518
2019-09-01,Battery Electric Vehicle,Pierce,55,0.01182033096926714
2019-09-01,Battery Electric Vehicle,Snohomish,136,0.032158902813903996
2019-09-01,Hybrid Electric Vehicle,King,432,0.03329993062514453
2019-09-01,Hybrid Electric Vehicle,Kitsap,29,0.018929503916449087
2019-09-01,Hybrid Electric Vehicle,Pierce,80,0.017193208682570384
2019-09-01,Hybrid Electric Vehicle,Snohomish,110,0.026010877275951763
2019-09-01,Internal Combustion Engine,King,11948,0.9209897479380251
2019-09-01,Internal Combustion Engine,Kitsap,1479,0.9654046997389034
2019-09-01,Internal Combustion Engine,Pierce,4518,0.9709864603481625
2019-09-01,Internal Combustion Engine,Snohomish,3983,0.9418302199101443
2020-09-01,Battery Electric Vehicle,King,450,0.036970095300690106
2020-09-01,Battery Electric Vehicle,Kitsap,32,0.02169491525423729
2020-09-01,Battery Electric Vehicle,Pierce,68,0.01367934017300342
2020-09-01,Battery Electric Vehicle,Snohomish,80,0.019915359721184963
2020-09-01,Hybrid Electric Vehicle,King,397,0.03261583963194216
2020-09-01,Hybrid Electric Vehicle,Kitsap,27,0.01830508474576271
2020-09-01,Hybrid Electric Vehicle,Pierce,109,0.021927177630255482
2020-09-01,Hybrid Electric Vehicle,Snohomish,99,0.024645257654966394
2020-09-01,Internal Combustion Engine,King,11325,0.9304140650673677
2020-09-01,Internal Combustion Engine,Kitsap,1416,0.96
2020-09-01,Internal Combustion Engine,Pierce,4794,0.9643934821967411
2020-09-01,Internal Combustion Engine,Snohomish,3838,0.9554393826238486
2021-09-01,Battery Electric Vehicle,King,1142,0.09318645450836394
2021-09-01,Battery Electric Vehicle,Kitsap,63,0.03962264150943396
2021-09-01,Battery Electric Vehicle,Pierce,151,0.03229255774165954
2021-09-01,Battery Electric Vehicle,Snohomish,217,0.05415522835038682
2021-09-01,Hybrid Electric Vehicle,King,856,0.06984904120767034
2021-09-01,Hybrid Electric Vehicle,Kitsap,97,0.0610062893081761
2021-09-01,Hybrid Electric Vehicle,Pierce,246,0.05260906757912746
2021-09-01,Hybrid Electric Vehicle,Snohomish,219,0.054654354878961815
2021-09-01,Internal Combustion Engine,King,10257,0.8369645042839657
2021-09-01,Internal Combustion Engine,Kitsap,1430,0.89937106918239
2021-09-01,Internal Combustion Engine,Pierce,4279,0.915098374679213
2021-09-01,Internal Combustion Engine,Snohomish,3571,0.8911904167706514
2022-09-01,Battery Electric Vehicle,King,1009,0.09245853569137726
2022-09-01,Battery Electric Vehicle,Kitsap,68,0.051515151515151514
2022-09-01,Battery Electric Vehicle,Pierce,155,0.036384976525821594
2022-09-01,Battery Electric Vehicle,Snohomish,206,0.051642015542742545
2022-09-01,Hybrid Electric Vehicle,King,682,0.062494272885549346
2022-09-01,Hybrid Electric Vehicle,Kitsap,36,0.02727272727272727
2022-09-01,Hybrid Electric Vehicle,Pierce,200,0.046948356807511735
2022-09-01,Hybrid Electric Vehicle,Snohomish,248,0.06217097016796189
2022-09-01,Internal Combustion Engine,King,9222,0.8450471914230734
2022-09-01,Internal Combustion Engine,Kitsap,1216,0.9212121212121213
2022-09-01,Internal Combustion Engine,Pierce,3905,0.9166666666666666
2022-09-01,Internal Combustion Engine,Snohomish,3535,0.8861870142892956
2017-10-01,Battery Electric Vehicle,King,375,0.02698035829915821
2017-10-01,Battery Electric Vehicle,Kitsap,15,0.009894459102902375
2017-10-01,Battery Electric Vehicle,Pierce,31,0.0065594583157003805
2017-10-01,Battery Electric Vehicle,Snohomish,57,0.013405456255879586
2017-10-01,Hybrid Electric Vehicle,King,157,0.011295776674580905
2017-10-01,Hybrid Electric Vehicle,Kitsap,6,0.00395778364116095
2017-10-01,Hybrid Electric Vehicle,Pierce,20,0.004231908590774439
2017-10-01,Hybrid Electric Vehicle,Snohomish,20,0.004703668861712135
2017-10-01,Internal Combustion Engine,King,13367,0.9617238650262608
2017-10-01,Internal Combustion Engine,Kitsap,1495,0.9861477572559367
2017-10-01,Internal Combustion Engine,Pierce,4675,0.9892086330935251
2017-10-01,Internal Combustion Engine,Snohomish,4175,0.9818908748824082
2018-10-01,Battery Electric Vehicle,King,772,0.05549565092372942
2018-10-01,Battery Electric Vehicle,Kitsap,42,0.028037383177570093
2018-10-01,Battery Electric Vehicle,Pierce,84,0.016833667334669337
2018-10-01,Battery Electric Vehicle,Snohomish,111,0.02496626180836707
2018-10-01,Hybrid Electric Vehicle,King,137,0.009848321472216232
2018-10-01,Hybrid Electric Vehicle,Kitsap,15,0.010013351134846462
2018-10-01,Hybrid Electric Vehicle,Pierce,30,0.006012024048096192
2018-10-01,Hybrid Electric Vehicle,Snohomish,17,0.0038236617183985606
2018-10-01,Internal Combustion Engine,King,13002,0.9346560276040543
2018-10-01,Internal Combustion Engine,Kitsap,1441,0.9619492656875834
2018-10-01,Internal Combustion Engine,Pierce,4876,0.9771543086172345
2018-10-01,Internal Combustion Engine,Snohomish,4318,0.9712100764732343
2019-10-01,Battery Electric Vehicle,King,1038,0.07822155237377543
2019-10-01,Battery Electric Vehicle,Kitsap,39,0.02332535885167464
2019-10-01,Battery Electric Vehicle,Pierce,109,0.02177822177822178
2019-10-01,Battery Electric Vehicle,Snohomish,189,0.04433497536945813
2019-10-01,Hybrid Electric Vehicle,King,428,0.03225320271288621
2019-10-01,Hybrid Electric Vehicle,Kitsap,42,0.025119617224880382
2019-10-01,Hybrid Electric Vehicle,Pierce,86,0.017182817182817185
2019-10-01,Hybrid Electric Vehicle,Snohomish,109,0.025568848228946752
2019-10-01,Internal Combustion Engine,King,11804,0.8895252449133384
2019-10-01,Internal Combustion Engine,Kitsap,1591,0.9515550239234449
2019-10-01,Internal Combustion Engine,Pierce,4810,0.961038961038961
2019-10-01,Internal Combustion Engine,Snohomish,3965,0.9300961764015951
2020-10-01,Battery Electric Vehicle,King,654,0.054400266178672434
2020-10-01,Battery Electric Vehicle,Kitsap,40,0.02594033722438392
2020-10-01,Battery Electric Vehicle,Pierce,95,0.019352210226115298
2020-10-01,Battery Electric Vehicle,Snohomish,139,0.03844026548672566
2020-10-01,Hybrid Electric Vehicle,King,437,0.03635002495425054
2020-10-01,Hybrid Electric Vehicle,Kitsap,38,0.02464332036316472
2020-10-01,Hybrid Electric Vehicle,Pierce,137,0.027907924220818905
2020-10-01,Hybrid Electric Vehicle,Snohomish,89,0.02461283185840708
2020-10-01,Internal Combustion Engine,King,10931,0.909249708867077
2020-10-01,Internal Combustion Engine,Kitsap,1464,0.9494163424124513
2020-10-01,Internal Combustion Engine,Pierce,4677,0.9527398655530658
2020-10-01,Internal Combustion Engine,Snohomish,3388,0.9369469026548672
2021-10-01,Battery Electric Vehicle,King,1376,0.12045872362776854
2021-10-01,Battery Electric Vehicle,Kitsap,70,0.05079825834542816
2021-10-01,Battery Electric Vehicle,Pierce,177,0.04346758349705305
2021-10-01,Battery Electric Vehicle,Snohomish,275,0.07713884992987377
2021-10-01,Hybrid Electric Vehicle,King,774,0.06775803204061981
2021-10-01,Hybrid Electric Vehicle,Kitsap,78,0.05660377358490566
2021-10-01,Hybrid Electric Vehicle,Pierce,186,0.04567779960707269
2021-10-01,Hybrid Electric Vehicle,Snohomish,231,0.06479663394109397
2021-10-01,Internal Combustion Engine,King,9273,0.8117832443316116
2021-10-01,Internal Combustion Engine,Kitsap,1230,0.8925979680696662
2021-10-01,Internal Combustion Engine,Pierce,3709,0.9108546168958742
2021-10-01,Internal Combustion Engine,Snohomish,3059,0.8580645161290322
2022-10-01,Battery Electric Vehicle,King,2102,0.17693602693602695
2022-10-01,Battery Electric Vehicle,Kitsap,64,0.05140562248995984
2022-10-01,Battery Electric Vehicle,Pierce,248,0.05890736342042755
2022-10-01,Battery Electric Vehicle,Snohomish,408,0.10405508798775823
2022-10-01,Hybrid Electric Vehicle,King,754,0.063468013468013465
2022-10-01,Hybrid Electric Vehicle,Kitsap,75,0.060240963855421686
2022-10-01,Hybrid Electric Vehicle,Pierce,232,0.05510688836104513
2022-10-01,Hybrid Electric Vehicle,Snohomish,247,0.06299413414945167
2022-10-01,Internal Combustion Engine,King,9024,0.7595959595959596
2022-10-01,Internal Combustion Engine,Kitsap,1106,0.8883534136546185
2022-10-01,Internal Combustion Engine,Pierce,3730,0.8859857482185273
2022-10-01,Internal Combustion Engine,Snohomish,3266,0.8329507778627901
2017-11-01,Battery Electric Vehicle,King,229,0.018446914773642662
2017-11-01,Battery Electric Vehicle,Kitsap,11,0.008716323296354992
2017-11-01,Battery Electric Vehicle,Pierce,20,0.004472271914132379
2017-11-01,Battery Electric Vehicle,Snohomish,53,0.01425114278031729
2017-11-01,Hybrid Electric Vehicle,King,131,0.010552601901079426
2017-11-01,Hybrid Electric Vehicle,Kitsap,6,0.004754358161648178
2017-11-01,Hybrid Electric Vehicle,Pierce,11,0.0024597495527728087
2017-11-01,Hybrid Electric Vehicle,Snohomish,16,0.004302231782737295
2017-11-01,Internal Combustion Engine,King,12054,0.9710004833252779
2017-11-01,Internal Combustion Engine,Kitsap,1245,0.9865293185419969
2017-11-01,Internal Combustion Engine,Pierce,4441,0.9930679785330948
2017-11-01,Internal Combustion Engine,Snohomish,3650,0.9814466254369454
2018-11-01,Battery Electric Vehicle,King,622,0.05086686293752044
2018-11-01,Battery Electric Vehicle,Kitsap,28,0.02155504234026174
2018-11-01,Battery Electric Vehicle,Pierce,49,0.011437908496732025
2018-11-01,Battery Electric Vehicle,Snohomish,100,0.02717391304347826
2018-11-01,Hybrid Electric Vehicle,King,113,0.009241086032057573
2018-11-01,Hybrid Electric Vehicle,Kitsap,6,0.004618937644341801
2018-11-01,Hybrid Electric Vehicle,Pierce,21,0.004901960784313725
2018-11-01,Hybrid Electric Vehicle,Snohomish,30,0.008152173913043478
2018-11-01,Internal Combustion Engine,King,11493,0.939892051030422
2018-11-01,Internal Combustion Engine,Kitsap,1265,0.9738260200153964
2018-11-01,Internal Combustion Engine,Pierce,4214,0.9836601307189542
2018-11-01,Internal Combustion Engine,Snohomish,3550,0.9646739130434783
2019-11-01,Battery Electric Vehicle,King,352,0.032719836400818
2019-11-01,Battery Electric Vehicle,Kitsap,20,0.016
2019-11-01,Battery Electric Vehicle,Pierce,32,0.007712701855868884
2019-11-01,Battery Electric Vehicle,Snohomish,61,0.018133174791914387
2019-11-01,Hybrid Electric Vehicle,King,374,0.034764826175869123
2019-11-01,Hybrid Electric Vehicle,Kitsap,24,0.0192
2019-11-01,Hybrid Electric Vehicle,Pierce,82,0.019763798505664017
2019-11-01,Hybrid Electric Vehicle,Snohomish,68,0.020214030915576695
2019-11-01,Internal Combustion Engine,King,10032,0.9325153374233128
2019-11-01,Internal Combustion Engine,Kitsap,1206,0.9648
2019-11-01,Internal Combustion Engine,Pierce,4035,0.9725234996384671
2019-11-01,Internal Combustion Engine,Snohomish,3235,0.9616527942925089
2020-11-01,Battery Electric Vehicle,King,901,0.09008198360327935
2020-11-01,Battery Electric Vehicle,Kitsap,51,0.041429731925264016
2020-11-01,Battery Electric Vehicle,Pierce,99,0.02528735632183908
2020-11-01,Battery Electric Vehicle,Snohomish,158,0.048466257668711654
2020-11-01,Hybrid Electric Vehicle,King,443,0.04429114177164567
2020-11-01,Hybrid Electric Vehicle,Kitsap,37,0.030056864337936636
2020-11-01,Hybrid Electric Vehicle,Pierce,90,0.022988505747126436
2020-11-01,Hybrid Electric Vehicle,Snohomish,122,0.03742331288343558
2020-11-01,Internal Combustion Engine,King,8658,0.865626874625075
2020-11-01,Internal Combustion Engine,Kitsap,1143,0.9285134037367994
2020-11-01,Internal Combustion Engine,Pierce,3726,0.9517241379310345
2020-11-01,Internal Combustion Engine,Snohomish,2980,0.9141104294478528
2021-11-01,Battery Electric Vehicle,King,1389,0.13656474289647036
2021-11-01,Battery Electric Vehicle,Kitsap,50,0.041666666666666664
2021-11-01,Battery Electric Vehicle,Pierce,171,0.044729270206643995
2021-11-01,Battery Electric Vehicle,Snohomish,290,0.08547008547008547
2021-11-01,Hybrid Electric Vehicle,King,703,0.06911808081801199
2021-11-01,Hybrid Electric Vehicle,Kitsap,57,0.0475
2021-11-01,Hybrid Electric Vehicle,Pierce,199,0.052053361234632486
2021-11-01,Hybrid Electric Vehicle,Snohomish,186,0.05481874447391689
2021-11-01,Internal Combustion Engine,King,8079,0.7943171762855177
2021-11-01,Internal Combustion Engine,Kitsap,1093,0.9108333333333334
2021-11-01,Internal Combustion Engine,Pierce,3453,0.9032173685587235
2021-11-01,Internal Combustion Engine,Snohomish,2917,0.8597111700559976
2022-11-01,Battery Electric Vehicle,King,1940,0.1877116594097726
2022-11-01,Battery Electric Vehicle,Kitsap,90,0.08249312557286893
2022-11-01,Battery Electric Vehicle,Pierce,268,0.06999216505615043
2022-11-01,Battery Electric Vehicle,Snohomish,475,0.13121546961325967
2022-11-01,Hybrid Electric Vehicle,King,774,0.0748911465892598
2022-11-01,Hybrid Electric Vehicle,Kitsap,53,0.04857928505957837
2022-11-01,Hybrid Electric Vehicle,Pierce,259,0.06764168190127971
2022-11-01,Hybrid Electric Vehicle,Snohomish,257,0.07099447513812154
2022-11-01,Internal Combustion Engine,King,7621,0.7373971940009676
2022-11-01,Internal Combustion Engine,Kitsap,948,0.8689275893675527
2022-11-01,Internal Combustion Engine,Pierce,3302,0.8623661530425699
2022-11-01,Internal Combustion Engine,Snohomish,2888,0.7977900552486188
2017-12-01,Battery Electric Vehicle,King,262,0.020095106611443474
2017-12-01,Battery Electric Vehicle,Kitsap,16,0.012185833968012186
2017-12-01,Battery Electric Vehicle,Pierce,27,0.00612383760489907
2017-12-01,Battery Electric Vehicle,Snohomish,39,0.010072314049586776
2017-12-01,Hybrid Electric Vehicle,King,120,0.009203865623561895
2017-12-01,Hybrid Electric Vehicle,Kitsap,10,0.007616146230007616
2017-12-01,Hybrid Electric Vehicle,Pierce,18,0.0040825584032660464
2017-12-01,Hybrid Electric Vehicle,Snohomish,15,0.0038739669421487604
2017-12-01,Internal Combustion Engine,King,12656,0.9707010277649947
2017-12-01,Internal Combustion Engine,Kitsap,1287,0.9801980198019802
2017-12-01,Internal Combustion Engine,Pierce,4364,0.9897936039918349
2017-12-01,Internal Combustion Engine,Snohomish,3818,0.9860537190082644
2018-12-01,Battery Electric Vehicle,King,620,0.04891904686760297
2018-12-01,Battery Electric Vehicle,Kitsap,34,0.026813880126182965
2018-12-01,Battery Electric Vehicle,Pierce,49,0.01159488878371983
2018-12-01,Battery Electric Vehicle,Snohomish,97,0.025880469583778015
2018-12-01,Hybrid Electric Vehicle,King,104,0.008205775603597917
2018-12-01,Hybrid Electric Vehicle,Kitsap,9,0.007097791798107256
2018-12-01,Hybrid Electric Vehicle,Pierce,22,0.005205868433506862
2018-12-01,Hybrid Electric Vehicle,Snohomish,25,0.006670224119530417
2018-12-01,Internal Combustion Engine,King,11950,0.9428751775287991
2018-12-01,Internal Combustion Engine,Kitsap,1225,0.9660883280757098
2018-12-01,Internal Combustion Engine,Pierce,4155,0.9831992427827733
2018-12-01,Internal Combustion Engine,Snohomish,3626,0.9674493062966916
2019-12-01,Battery Electric Vehicle,King,526,0.04289675419996738
2019-12-01,Battery Electric Vehicle,Kitsap,19,0.015103338632750398
2019-12-01,Battery Electric Vehicle,Pierce,55,0.012805587892898719
2019-12-01,Battery Electric Vehicle,Snohomish,111,0.029141506957206617
2019-12-01,Hybrid Electric Vehicle,King,435,0.035475452617843746
2019-12-01,Hybrid Electric Vehicle,Kitsap,20,0.01589825119236884
2019-12-01,Hybrid Electric Vehicle,Pierce,86,0.020023282887077998
2019-12-01,Hybrid Electric Vehicle,Snohomish,107,0.028091362562352323
2019-12-01,Internal Combustion Engine,King,11301,0.9216277931821889
2019-12-01,Internal Combustion Engine,Kitsap,1219,0.9689984101748808
2019-12-01,Internal Combustion Engine,Pierce,4154,0.9671711292200232
2019-12-01,Internal Combustion Engine,Snohomish,3591,0.942767130480441
2020-12-01,Battery Electric Vehicle,King,606,0.052709402452813775
2020-12-01,Battery Electric Vehicle,Kitsap,35,0.027068832173240527
2020-12-01,Battery Electric Vehicle,Pierce,84,0.01910828025477707
2020-12-01,Battery Electric Vehicle,Snohomish,105,0.027166882276843468
2020-12-01,Hybrid Electric Vehicle,King,699,0.060798469165869354
2020-12-01,Hybrid Electric Vehicle,Kitsap,50,0.038669760247486466
2020-12-01,Hybrid Electric Vehicle,Pierce,124,0.028207461328480437
2020-12-01,Hybrid Electric Vehicle,Snohomish,147,0.03803363518758086
2020-12-01,Internal Combustion Engine,King,10192,0.8864921283813169
2020-12-01,Internal Combustion Engine,Kitsap,1208,0.934261407579273
2020-12-01,Internal Combustion Engine,Pierce,4188,0.9526842584167425
2020-12-01,Internal Combustion Engine,Snohomish,3613,0.9347994825355757
2021-12-01,Battery Electric Vehicle,King,1210,0.12204962679039742
2021-12-01,Battery Electric Vehicle,Kitsap,64,0.050473186119873815
2021-12-01,Battery Electric Vehicle,Pierce,163,0.04182704644598409
2021-12-01,Battery Electric Vehicle,Snohomish,266,0.07678983833718245
2021-12-01,Hybrid Electric Vehicle,King,891,0.08987290700020173
2021-12-01,Hybrid Electric Vehicle,Kitsap,80,0.06309148264984227
2021-12-01,Hybrid Electric Vehicle,Pierce,252,0.06466512702078522
2021-12-01,Hybrid Electric Vehicle,Snohomish,277,0.07996535796766743
2021-12-01,Internal Combustion Engine,King,7813,0.7880774662094009
2021-12-01,Internal Combustion Engine,Kitsap,1124,0.886435331230284
2021-12-01,Internal Combustion Engine,Pierce,3482,0.8935078265332307
2021-12-01,Internal Combustion Engine,Snohomish,2921,0.8432448036951501
2022-12-01,Battery Electric Vehicle,King,1707,0.1630061115355233
2022-12-01,Battery Electric Vehicle,Kitsap,78,0.06878306878306878
2022-12-01,Battery Electric Vehicle,Pierce,235,0.05955397871262037
2022-12-01,Battery Electric Vehicle,Snohomish,398,0.1063034188034188
2022-12-01,Hybrid Electric Vehicle,King,907,0.08661191749427044
2022-12-01,Hybrid Electric Vehicle,Kitsap,65,0.05731922398589065
2022-12-01,Hybrid Electric Vehicle,Pierce,250,0.06335529650278764
2022-12-01,Hybrid Electric Vehicle,Snohomish,344,0.09188034188034189
2022-12-01,Internal Combustion Engine,King,7858,0.7503819709702063
2022-12-01,Internal Combustion Engine,Kitsap,991,0.8738977072310405
2022-12-01,Internal Combustion Engine,Pierce,3461,0.877090724784592
2022-12-01,Internal Combustion Engine,Snohomish,3002,0.8018162393162394
2017-01-01,Battery Electric Vehicle,Region,456,0.01720754716981132
2017-01-01,Hybrid Electric Vehicle,Region,161,0.006075471698113208
2017-01-01,Internal Combustion Engine,Region,25883,0.9767169811320755
2017-02-01,Battery Electric Vehicle,Region,436,0.01992687385740402
2017-02-01,Hybrid Electric Vehicle,Region,154,0.0070383912248628885
2017-02-01,Internal Combustion Engine,Region,21290,0.9730347349177331
2017-03-01,Battery Electric Vehicle,Region,432,0.01528932932224385
2017-03-01,Hybrid Electric Vehicle,Region,187,0.00661829764643426
2017-03-01,Internal Combustion Engine,Region,27636,0.9780923730313219
2017-04-01,Battery Electric Vehicle,Region,442,0.017765987378913942
2017-04-01,Hybrid Electric Vehicle,Region,186,0.007476184734113107
2017-04-01,Internal Combustion Engine,Region,24251,0.974757827886973
2017-05-01,Battery Electric Vehicle,Region,432,0.015148327372185988
2017-05-01,Hybrid Electric Vehicle,Region,194,0.006802721088435374
2017-05-01,Internal Combustion Engine,Region,27892,0.9780489515393787
2017-06-01,Battery Electric Vehicle,Region,460,0.01549604177193869
2017-06-01,Hybrid Electric Vehicle,Region,203,0.006838470608051204
2017-06-01,Internal Combustion Engine,Region,29022,0.9776654876200102
2017-07-01,Battery Electric Vehicle,Region,413,0.016302846090080134
2017-07-01,Hybrid Electric Vehicle,Region,183,0.007223779260253424
2017-07-01,Internal Combustion Engine,Region,24737,0.9764733746496664
2017-08-01,Battery Electric Vehicle,Region,367,0.013602164486119861
2017-08-01,Hybrid Electric Vehicle,Region,204,0.007560876172121122
2017-08-01,Internal Combustion Engine,Region,26410,0.978836959341759
2017-09-01,Battery Electric Vehicle,Region,462,0.018450479233226836
2017-09-01,Hybrid Electric Vehicle,Region,200,0.007987220447284345
2017-09-01,Internal Combustion Engine,Region,24378,0.9735623003194889
2017-10-01,Battery Electric Vehicle,Region,478,0.019595785676218586
2017-10-01,Hybrid Electric Vehicle,Region,203,0.008322059607264379
2017-10-01,Internal Combustion Engine,Region,23712,0.972082154716517
2017-11-01,Battery Electric Vehicle,Region,313,0.01431380619197878
2017-11-01,Hybrid Electric Vehicle,Region,164,0.007499885672474505
2017-11-01,Internal Combustion Engine,Region,21390,0.9781863081355467
2017-12-01,Battery Electric Vehicle,Region,344,0.01519971721456345
2017-12-01,Hybrid Electric Vehicle,Region,163,0.007202191587133262
2017-12-01,Internal Combustion Engine,Region,22125,0.9775980911983033
2018-01-01,Battery Electric Vehicle,Region,500,0.019307255666679537
2018-01-01,Hybrid Electric Vehicle,Region,195,0.00752982971000502
2018-01-01,Internal Combustion Engine,Region,25202,0.9731629146233154
2018-02-01,Battery Electric Vehicle,Region,278,0.013872947751883826
2018-02-01,Hybrid Electric Vehicle,Region,158,0.007884624981286491
2018-02-01,Internal Combustion Engine,Region,19603,0.9782424272668296
2018-03-01,Battery Electric Vehicle,Region,438,0.017028886901753432
2018-03-01,Hybrid Electric Vehicle,Region,188,0.0073092025970996465
2018-03-01,Internal Combustion Engine,Region,25095,0.9756619105011469
2018-04-01,Battery Electric Vehicle,Region,513,0.021391935282098328
2018-04-01,Hybrid Electric Vehicle,Region,170,0.007088945415120304
2018-04-01,Internal Combustion Engine,Region,23298,0.9715191193027813
2018-05-01,Battery Electric Vehicle,Region,776,0.02872903631853689
2018-05-01,Hybrid Electric Vehicle,Region,184,0.006812039539446892
2018-05-01,Internal Combustion Engine,Region,26051,0.9644589241420162
2018-06-01,Battery Electric Vehicle,Region,730,0.026636502955557178
2018-06-01,Hybrid Electric Vehicle,Region,192,0.007005765160913668
2018-06-01,Internal Combustion Engine,Region,26484,0.9663577318835291
2018-07-01,Battery Electric Vehicle,Region,504,0.020060499920394843
2018-07-01,Hybrid Electric Vehicle,Region,192,0.007642095207769464
2018-07-01,Internal Combustion Engine,Region,24428,0.9722974048718357
2018-08-01,Battery Electric Vehicle,Region,436,0.01704056906120535
2018-08-01,Hybrid Electric Vehicle,Region,198,0.007738607050730868
2018-08-01,Internal Combustion Engine,Region,24952,0.9752208238880637
2018-09-01,Battery Electric Vehicle,Region,457,0.019580958909979004
2018-09-01,Hybrid Electric Vehicle,Region,220,0.009426282188611338
2018-09-01,Internal Combustion Engine,Region,22662,0.9709927589014097
2018-10-01,Battery Electric Vehicle,Region,1009,0.04061179311732743
2018-10-01,Hybrid Electric Vehicle,Region,199,0.008009659891326222
2018-10-01,Internal Combustion Engine,Region,23637,0.9513785469913464
2018-11-01,Battery Electric Vehicle,Region,799,0.03717835372946815
2018-11-01,Hybrid Electric Vehicle,Region,170,0.007910288027546414
2018-11-01,Internal Combustion Engine,Region,20522,0.9549113582429855
2018-12-01,Battery Electric Vehicle,Region,800,0.036503011498448625
2018-12-01,Hybrid Electric Vehicle,Region,160,0.007300602299689724
2018-12-01,Internal Combustion Engine,Region,20956,0.9561963862018616
2019-01-01,Battery Electric Vehicle,Region,1078,0.039747796910143435
2019-01-01,Hybrid Electric Vehicle,Region,196,0.007226872165480624
2019-01-01,Internal Combustion Engine,Region,25847,0.9530253309243759
2019-02-01,Battery Electric Vehicle,Region,528,0.028220203099946554
2019-02-01,Hybrid Electric Vehicle,Region,165,0.008818813468733297
2019-02-01,Internal Combustion Engine,Region,18017,0.9629609834313202
2019-03-01,Battery Electric Vehicle,Region,435,0.017448856799037304
2019-03-01,Hybrid Electric Vehicle,Region,165,0.006618531889290012
2019-03-01,Internal Combustion Engine,Region,24330,0.9759326113116726
2019-04-01,Battery Electric Vehicle,Region,922,0.03585177120192869
2019-04-01,Hybrid Electric Vehicle,Region,286,0.011121048333786989
2019-04-01,Internal Combustion Engine,Region,24509,0.9530271804642844
2019-05-01,Battery Electric Vehicle,Region,660,0.024814828740083467
2019-05-01,Hybrid Electric Vehicle,Region,539,0.020265443471068165
2019-05-01,Internal Combustion Engine,Region,25398,0.9549197277888484
2019-06-01,Battery Electric Vehicle,Region,832,0.031975403535741735
2019-06-01,Hybrid Electric Vehicle,Region,570,0.021906225980015372
2019-06-01,Internal Combustion Engine,Region,24618,0.9461183704842429
2019-07-01,Battery Electric Vehicle,Region,868,0.033965955781647426
2019-07-01,Hybrid Electric Vehicle,Region,523,0.020465662297006457
2019-07-01,Internal Combustion Engine,Region,24164,0.9455683819213461
2019-08-01,Battery Electric Vehicle,Region,660,0.026889386840497045
2019-08-01,Hybrid Electric Vehicle,Region,712,0.029007944591566512
2019-08-01,Internal Combustion Engine,Region,23173,0.9441026685679365
2019-09-01,Battery Electric Vehicle,Region,808,0.03454910847906957
2019-09-01,Hybrid Electric Vehicle,Region,651,0.027835977252319666
2019-09-01,Internal Combustion Engine,Region,21928,0.9376149142686108
2019-10-01,Battery Electric Vehicle,Region,1375,0.05679471292854193
2019-10-01,Hybrid Electric Vehicle,Region,665,0.027467988434531184
2019-10-01,Internal Combustion Engine,Region,22170,0.9157372986369269
2019-11-01,Battery Electric Vehicle,Region,465,0.023820500998924236
2019-11-01,Hybrid Electric Vehicle,Region,548,0.02807233236002254
2019-11-01,Internal Combustion Engine,Region,18508,0.9481071666410532
2019-12-01,Battery Electric Vehicle,Region,711,0.03288013318534961
2019-12-01,Hybrid Electric Vehicle,Region,648,0.029966703662597113
2019-12-01,Internal Combustion Engine,Region,20265,0.9371531631520533
2020-01-01,Battery Electric Vehicle,Region,1735,0.06436414898352871
2020-01-01,Hybrid Electric Vehicle,Region,619,0.022963347677696987
2020-01-01,Internal Combustion Engine,Region,24602,0.9126725033387743
2020-02-01,Battery Electric Vehicle,Region,432,0.02096069868995633
2020-02-01,Hybrid Electric Vehicle,Region,557,0.027025715672003882
2020-02-01,Internal Combustion Engine,Region,19621,0.9520135856380398
2020-03-01,Battery Electric Vehicle,Region,818,0.039355304305989894
2020-03-01,Hybrid Electric Vehicle,Region,537,0.025835939379360115
2020-03-01,Internal Combustion Engine,Region,19430,0.93480875631465
2020-04-01,Battery Electric Vehicle,Region,521,0.05516146109052409
2020-04-01,Hybrid Electric Vehicle,Region,215,0.022763366860772894
2020-04-01,Internal Combustion Engine,Region,8709,0.922075172048703
2020-05-01,Battery Electric Vehicle,Region,201,0.017265074729427933
2020-05-01,Hybrid Electric Vehicle,Region,219,0.018811200824600582
2020-05-01,Internal Combustion Engine,Region,11222,0.9639237244459715
2020-06-01,Battery Electric Vehicle,Region,399,0.019378338999514327
2020-06-01,Hybrid Electric Vehicle,Region,646,0.03137445361826129
2020-06-01,Internal Combustion Engine,Region,19545,0.9492472073822243
2020-07-01,Battery Electric Vehicle,Region,1159,0.04849169490816284
2020-07-01,Hybrid Electric Vehicle,Region,872,0.03648382912848835
2020-07-01,Internal Combustion Engine,Region,21870,0.9150244759633488
2020-08-01,Battery Electric Vehicle,Region,618,0.028883903533370725
2020-08-01,Hybrid Electric Vehicle,Region,577,0.026967657506075902
2020-08-01,Internal Combustion Engine,Region,20201,0.9441484389605533
2020-09-01,Battery Electric Vehicle,Region,630,0.027833001988071572
2020-09-01,Hybrid Electric Vehicle,Region,632,0.027921360724541638
2020-09-01,Internal Combustion Engine,Region,21373,0.9442456372873868
2020-10-01,Battery Electric Vehicle,Region,928,0.0420118611073385
2020-10-01,Hybrid Electric Vehicle,Region,701,0.03173525284078048
2020-10-01,Internal Combustion Engine,Region,20460,0.926252886051881
2020-11-01,Battery Electric Vehicle,Region,1209,0.06567796610169492
2020-11-01,Hybrid Electric Vehicle,Region,692,0.037592351151673184
2020-11-01,Internal Combustion Engine,Region,16507,0.8967296827466319
2020-12-01,Battery Electric Vehicle,Region,830,0.03942805567431476
2020-12-01,Hybrid Electric Vehicle,Region,1020,0.04845375516602537
2020-12-01,Internal Combustion Engine,Region,19201,0.9121181891596599
2021-01-01,Battery Electric Vehicle,Region,1682,0.07540572043396396
2021-01-01,Hybrid Electric Vehicle,Region,990,0.04438267730655429
2021-01-01,Internal Combustion Engine,Region,19634,0.8802116022594818
2021-02-01,Battery Electric Vehicle,Region,1085,0.057731190805576246
2021-02-01,Hybrid Electric Vehicle,Region,872,0.0463977865276152
2021-02-01,Internal Combustion Engine,Region,16837,0.8958710226668085
2021-03-01,Battery Electric Vehicle,Region,918,0.03870967741935484
2021-03-01,Hybrid Electric Vehicle,Region,1200,0.05060088551549652
2021-03-01,Internal Combustion Engine,Region,21597,0.9106894370651486
2021-04-01,Battery Electric Vehicle,Region,1805,0.06930312919946247
2021-04-01,Hybrid Electric Vehicle,Region,1385,0.053177193319255134
2021-04-01,Internal Combustion Engine,Region,22855,0.8775196774812823
2021-05-01,Battery Electric Vehicle,Region,1379,0.057817282294243426
2021-05-01,Hybrid Electric Vehicle,Region,1428,0.05987170349251604
2021-05-01,Internal Combustion Engine,Region,21044,0.8823110142132405
2021-06-01,Battery Electric Vehicle,Region,1162,0.04665542439572794
2021-06-01,Hybrid Electric Vehicle,Region,1374,0.05516742953505179
2021-06-01,Internal Combustion Engine,Region,22370,0.8981771460692203
2021-07-01,Battery Electric Vehicle,Region,2125,0.0880427577063308
2021-07-01,Hybrid Electric Vehicle,Region,1015,0.04205336426914153
2021-07-01,Internal Combustion Engine,Region,20996,0.8699038780245276
2021-08-01,Battery Electric Vehicle,Region,1588,0.06727958310384273
2021-08-01,Hybrid Electric Vehicle,Region,1451,0.06147523619878829
2021-08-01,Internal Combustion Engine,Region,20564,0.871245180697369
2021-09-01,Battery Electric Vehicle,Region,1573,0.06982421875
2021-09-01,Hybrid Electric Vehicle,Region,1418,0.06294389204545454
2021-09-01,Internal Combustion Engine,Region,19537,0.8672318892045454
2021-10-01,Battery Electric Vehicle,Region,1898,0.0928662295723652
2021-10-01,Hybrid Electric Vehicle,Region,1269,0.062090224092376946
2021-10-01,Internal Combustion Engine,Region,17271,0.8450435463352578
2021-11-01,Battery Electric Vehicle,Region,1900,0.10222198310647226
2021-11-01,Hybrid Electric Vehicle,Region,1145,0.061602195082584604
2021-11-01,Internal Combustion Engine,Region,15542,0.8361758218109432
2021-12-01,Battery Electric Vehicle,Region,1703,0.09184058674432401
2021-12-01,Hybrid Electric Vehicle,Region,1500,0.08089305937550559
2021-12-01,Internal Combustion Engine,Region,15340,0.8272663538801704
2022-01-01,Battery Electric Vehicle,Region,1400,0.06931036189910392
2022-01-01,Hybrid Electric Vehicle,Region,1697,0.08401406010198524
2022-01-01,Internal Combustion Engine,Region,17102,0.8466755779989108
2022-02-01,Battery Electric Vehicle,Region,1405,0.07351402260359984
2022-02-01,Hybrid Electric Vehicle,Region,1528,0.07994976977814985
2022-02-01,Internal Combustion Engine,Region,16179,0.8465362076182503
2022-03-01,Battery Electric Vehicle,Region,1467,0.06637108084875357
2022-03-01,Hybrid Electric Vehicle,Region,1728,0.07817943265620052
2022-03-01,Internal Combustion Engine,Region,18908,0.8554494864950459
2022-04-01,Battery Electric Vehicle,Region,2028,0.09508627156789197
2022-04-01,Hybrid Electric Vehicle,Region,1519,0.07122093023255814
2022-04-01,Internal Combustion Engine,Region,17781,0.8336927981995499
2022-05-01,Battery Electric Vehicle,Region,1290,0.06240325077399381
2022-05-01,Hybrid Electric Vehicle,Region,1525,0.07377128482972137
2022-05-01,Internal Combustion Engine,Region,17857,0.8638254643962848
2022-06-01,Battery Electric Vehicle,Region,1537,0.0686927374301676
2022-06-01,Hybrid Electric Vehicle,Region,1872,0.08366480446927374
2022-06-01,Internal Combustion Engine,Region,18966,0.8476424581005586
2022-07-01,Battery Electric Vehicle,Region,2162,0.10350440444274224
2022-07-01,Hybrid Electric Vehicle,Region,1392,0.06664113366526235
2022-07-01,Internal Combustion Engine,Region,17334,0.8298544618919954
2022-08-01,Battery Electric Vehicle,Region,1959,0.08553091163115613
2022-08-01,Hybrid Electric Vehicle,Region,1546,0.06749912679008034
2022-08-01,Internal Combustion Engine,Region,19399,0.8469699615787636
2022-09-01,Battery Electric Vehicle,Region,1438,0.07020798750122058
2022-09-01,Hybrid Electric Vehicle,Region,1166,0.05692803437164339
2022-09-01,Internal Combustion Engine,Region,17878,0.872863978127136
2022-10-01,Battery Electric Vehicle,Region,2822,0.13276251411366202
2022-10-01,Hybrid Electric Vehicle,Region,1308,0.061535566428302595
2022-10-01,Internal Combustion Engine,Region,17126,0.8057019194580354
2022-11-01,Battery Electric Vehicle,Region,2773,0.14691390728476822
2022-11-01,Hybrid Electric Vehicle,Region,1343,0.07115231788079471
2022-11-01,Internal Combustion Engine,Region,14759,0.781933774834437
2022-12-01,Battery Electric Vehicle,Region,2418,0.12531094527363185
2022-12-01,Hybrid Electric Vehicle,Region,1566,0.08115671641791045
2022-12-01,Internal Combustion Engine,Region,15312,0.7935323383084577
2023-01-01,Battery Electric Vehicle,Region,2826,0.13442420206440564
2023-01-01,Hybrid Electric Vehicle,Region,1757,0.08357513199828759
2023-01-01,Internal Combustion Engine,Region,16440,0.7820006659373068
2023-02-01,Battery Electric Vehicle,Region,2080,0.11738148984198646
2023-02-01,Hybrid Electric Vehicle,Region,1268,0.07155756207674943
2023-02-01,Internal Combustion Engine,Region,14372,0.811060948081264
2023-03-01,Battery Electric Vehicle,Region,2522,0.11415897157342024
2023-03-01,Hybrid Electric Vehicle,Region,1825,0.08260908926308166
2023-03-01,Internal Combustion Engine,Region,17745,0.8032319391634981
2023-04-01,Battery Electric Vehicle,Region,2834,0.14153723218298955
2023-04-01,Hybrid Electric Vehicle,Region,1664,0.08310442990560855
2023-04-01,Internal Combustion Engine,Region,15525,0.7753583379114019
