year,variable,metric,estimate,share
2017,ACURA,Hybrid Electric Vehicle,25,0.011353315168029064
2017,BAODIAO,Battery Electric Vehicle,1,1.9860973187686197e-4
2017,BMW,Battery Electric Vehicle,106,0.021052631578947368
2017,BMW,Hybrid Electric Vehicle,123,0.055858310626702996
2017,BUICK,Hybrid Electric Vehicle,3,0.0013623978201634877
2017,CADILLAC,Battery Electric Vehicle,1,1.9860973187686197e-4
2017,CADILLAC,Hybrid Electric Vehicle,4,0.0018165304268846503
2017,CHEVROLET,Battery Electric Vehicle,720,0.14299900695134063
2017,CHEVROLET,Hybrid Electric Vehicle,50,0.022706630336058128
2017,CORBIN MOTORS,Battery Electric Vehicle,1,1.9860973187686197e-4
2017,DODGE,Battery Electric Vehicle,1,1.9860973187686197e-4
2017,FIAT,Battery Electric Vehicle,177,0.03515392254220457
2017,FISKER AUTOMOTIVE,Hybrid Electric Vehicle,5,0.002270663033605813
2017,FORD,Battery Electric Vehicle,99,0.019662363455809333
2017,FORD,Hybrid Electric Vehicle,51,0.02316076294277929
2017,GEM,Battery Electric Vehicle,4,7.944389275074479e-4
2017,GMC,Battery Electric Vehicle,5,9.930486593843098e-4
2017,GMC,Hybrid Electric Vehicle,12,0.005449591280653951
2017,HARLEY DAVIDSON,Battery Electric Vehicle,1,1.9860973187686197e-4
2017,HONDA,Battery Electric Vehicle,3,5.958291956305859e-4
2017,HONDA,Hybrid Electric Vehicle,267,0.12125340599455041
2017,KIA,Battery Electric Vehicle,285,0.05660377358490566
2017,LEXUS,Hybrid Electric Vehicle,28,0.012715712988192553
2017,LINCOLN,Hybrid Electric Vehicle,5,0.002270663033605813
2017,MAZDA,Battery Electric Vehicle,2,3.9721946375372393e-4
2017,MERCEDES-BENZ,Battery Electric Vehicle,15,0.0029791459781529296
2017,MITSUBISHI,Battery Electric Vehicle,1,1.9860973187686197e-4
2017,NANFANG SPACE NAVIGATION SCIENCE & TECHNOLOGY,Battery Electric Vehicle,1,1.9860973187686197e-4
2017,NISSAN,Battery Electric Vehicle,1933,0.3839126117179742
2017,NISSAN,Hybrid Electric Vehicle,14,0.006357856494096276
2017,POLARIS,Battery Electric Vehicle,2,3.9721946375372393e-4
2017,PORSCHE,Hybrid Electric Vehicle,4,0.0018165304268846503
2017,"QINGQI, SSR, PIONEER, HARDKNOCK",Battery Electric Vehicle,1,1.9860973187686197e-4
2017,RAM,Battery Electric Vehicle,11,0.0021847070506454814
2017,SATURN,Hybrid Electric Vehicle,5,0.002270663033605813
2017,SMART,Battery Electric Vehicle,73,0.014498510427010924
2017,TESLA,Battery Electric Vehicle,1490,0.2959285004965243
2017,TOYOTA,Battery Electric Vehicle,32,0.006355511420059583
2017,TOYOTA,Hybrid Electric Vehicle,1598,0.7257039055404177
2017,VICTORY,Battery Electric Vehicle,1,1.9860973187686197e-4
2017,VOLKSWAGEN,Battery Electric Vehicle,40,0.007944389275074478
2017,VOLKSWAGEN,Hybrid Electric Vehicle,8,0.0036330608537693005
2017,Z ELECTRIC VEHICLE CORPORATION,Battery Electric Vehicle,1,1.9860973187686197e-4
2017,ZERO MOTORCYCLES,Battery Electric Vehicle,28,0.005561072492552135
2018,ACURA,Hybrid Electric Vehicle,5,0.0022461814914645105
2018,ALTA,Battery Electric Vehicle,4,5.524861878453039e-4
2018,AZURE DYNAMICS,Battery Electric Vehicle,1,1.3812154696132598e-4
2018,BAODIAO,Battery Electric Vehicle,1,1.3812154696132598e-4
2018,BMW,Battery Electric Vehicle,84,0.011602209944751382
2018,BMW,Hybrid Electric Vehicle,108,0.04851752021563342
2018,BUICK,Hybrid Electric Vehicle,2,8.984725965858042e-4
2018,CADILLAC,Hybrid Electric Vehicle,4,0.0017969451931716084
2018,CHEVROLET,Battery Electric Vehicle,601,0.0830110497237569
2018,CHEVROLET,Hybrid Electric Vehicle,40,0.017969451931716084
2018,"CHONGQING ZONGSHEN AUTOMOTIVE INDUSTRY CO., LTD.",Battery Electric Vehicle,1,1.3812154696132598e-4
2018,CHRYSLER,Hybrid Electric Vehicle,1,4.492362982929021e-4
2018,DODGE,Battery Electric Vehicle,5,6.906077348066298e-4
2018,DONGFANG,Battery Electric Vehicle,1,1.3812154696132598e-4
2018,FIAT,Battery Electric Vehicle,126,0.017403314917127072
2018,FORD,Battery Electric Vehicle,32,0.004419889502762431
2018,FORD,Hybrid Electric Vehicle,77,0.03459119496855346
2018,GMC,Battery Electric Vehicle,3,4.143646408839779e-4
2018,GMC,Hybrid Electric Vehicle,15,0.006738544474393531
2018,HARLEY DAVIDSON,Battery Electric Vehicle,1,1.3812154696132598e-4
2018,HONDA,Battery Electric Vehicle,1,1.3812154696132598e-4
2018,HONDA,Hybrid Electric Vehicle,219,0.09838274932614555
2018,HYUNDAI,Battery Electric Vehicle,4,5.524861878453039e-4
2018,JAGUAR,Battery Electric Vehicle,7,9.668508287292818e-4
2018,KIA,Battery Electric Vehicle,174,0.024033149171270717
2018,LEXUS,Battery Electric Vehicle,1,1.3812154696132598e-4
2018,LEXUS,Hybrid Electric Vehicle,64,0.028751123090745734
2018,LINCOLN,Hybrid Electric Vehicle,7,0.0031446540880503146
2018,MAZDA,Battery Electric Vehicle,2,2.7624309392265195e-4
2018,MERCEDES-BENZ,Battery Electric Vehicle,17,0.0023480662983425414
2018,MITSUBISHI,Battery Electric Vehicle,82,0.011325966850828728
2018,NISSAN,Battery Electric Vehicle,1330,0.18370165745856354
2018,NISSAN,Hybrid Electric Vehicle,12,0.005390835579514825
2018,PIONEER,Battery Electric Vehicle,1,1.3812154696132598e-4
2018,PORSCHE,Hybrid Electric Vehicle,5,0.0022461814914645105
2018,RAM,Battery Electric Vehicle,4,5.524861878453039e-4
2018,SATURN,Hybrid Electric Vehicle,6,0.0026954177897574125
2018,SMART,Battery Electric Vehicle,50,0.006906077348066298
2018,TESLA,Battery Electric Vehicle,4535,0.6263812154696132
2018,TOYOTA,Battery Electric Vehicle,22,0.0030386740331491712
2018,TOYOTA,Hybrid Electric Vehicle,1626,0.7304582210242587
2018,UBCO,Battery Electric Vehicle,2,2.7624309392265195e-4
2018,VICTORY,Battery Electric Vehicle,1,1.3812154696132598e-4
2018,VOLKSWAGEN,Battery Electric Vehicle,107,0.01477900552486188
2018,VOLKSWAGEN,Hybrid Electric Vehicle,2,8.984725965858042e-4
2018,VOLVO,Battery Electric Vehicle,1,1.3812154696132598e-4
2018,VOLVO,Hybrid Electric Vehicle,33,0.014824797843665768
2018,Z ELECTRIC VEHICLE CORPORATION,Battery Electric Vehicle,1,1.3812154696132598e-4
2018,ZERO MOTORCYCLES,Battery Electric Vehicle,38,0.005248618784530387
2019,ACURA,Hybrid Electric Vehicle,5,8.821453775582216e-4
2019,ALTA,Battery Electric Vehicle,6,6.422607578676942e-4
2019,ARCIMOTO,Battery Electric Vehicle,1,1.0704345964461572e-4
2019,AUDI,Battery Electric Vehicle,174,0.018625561978163133
2019,AZURE DYNAMICS,Battery Electric Vehicle,1,1.0704345964461572e-4
2019,BMW,Battery Electric Vehicle,81,0.008670520231213872
2019,BMW,Hybrid Electric Vehicle,48,0.008468595624558928
2019,CADILLAC,Hybrid Electric Vehicle,1,1.7642907551164433e-4
2019,CAKE,Battery Electric Vehicle,1,1.0704345964461572e-4
2019,CHEVROLET,Battery Electric Vehicle,666,0.07129094412331406
2019,CHEVROLET,Hybrid Electric Vehicle,24,0.004234297812279464
2019,"CHONGQING ZONGSHEN AUTOMOTIVE INDUSTRY CO., LTD.",Battery Electric Vehicle,6,6.422607578676942e-4
2019,COLUMBIA,Battery Electric Vehicle,1,1.0704345964461572e-4
2019,CORBIN MOTORS,Battery Electric Vehicle,2,2.1408691928923143e-4
2019,ELECTRA MECCANICA VEHICLES CORP.,Battery Electric Vehicle,1,1.0704345964461572e-4
2019,ENERGICA,Battery Electric Vehicle,1,1.0704345964461572e-4
2019,FIAT,Battery Electric Vehicle,129,0.013808606294155427
2019,FIRST UNITED INDUSTRIAL FOSHAN,Battery Electric Vehicle,1,1.0704345964461572e-4
2019,FORD,Battery Electric Vehicle,29,0.0031042603296938557
2019,FORD,Hybrid Electric Vehicle,58,0.010232886379675371
2019,GEM,Battery Electric Vehicle,2,2.1408691928923143e-4
2019,GENZE,Battery Electric Vehicle,2,2.1408691928923143e-4
2019,GMC,Battery Electric Vehicle,7,7.4930421751231e-4
2019,GMC,Hybrid Electric Vehicle,9,0.001587861679604799
2019,HARLEY DAVIDSON,Battery Electric Vehicle,7,7.4930421751231e-4
2019,HONDA,Battery Electric Vehicle,1,1.0704345964461572e-4
2019,HONDA,Hybrid Electric Vehicle,186,0.032815808045165845
2019,HYUNDAI,Battery Electric Vehicle,21,0.00224791265253693
2019,HYUNDAI,Hybrid Electric Vehicle,44,0.0077628793225123505
2019,JAGUAR,Battery Electric Vehicle,64,0.006850781417255406
2019,KIA,Battery Electric Vehicle,225,0.024084778420038536
2019,KIA,Hybrid Electric Vehicle,7,0.0012350035285815103
2019,LAND ROVER,Hybrid Electric Vehicle,71,0.012526464361326747
2019,LEXUS,Battery Electric Vehicle,1,1.0704345964461572e-4
2019,LEXUS,Hybrid Electric Vehicle,413,0.07286520818630911
2019,LINCOLN,Hybrid Electric Vehicle,8,0.0014114326040931546
2019,MAZDA,Battery Electric Vehicle,1,1.0704345964461572e-4
2019,MERCEDES-BENZ,Battery Electric Vehicle,27,0.002890173410404624
2019,MITSUBISHI,Battery Electric Vehicle,74,0.007921216013701562
2019,NISSAN,Battery Electric Vehicle,1020,0.10918432883750803
2019,NISSAN,Hybrid Electric Vehicle,7,0.0012350035285815103
2019,PIAGGIO AND VESPA,Battery Electric Vehicle,3,3.211303789338471e-4
2019,POLARIS,Battery Electric Vehicle,2,2.1408691928923143e-4
2019,PORSCHE,Battery Electric Vehicle,1,1.0704345964461572e-4
2019,RAM,Battery Electric Vehicle,7,7.4930421751231e-4
2019,SMART,Battery Electric Vehicle,30,0.0032113037893384713
2019,TESLA,Battery Electric Vehicle,6165,0.6599229287090559
2019,TOYOTA,Battery Electric Vehicle,10,0.001070434596446157
2019,TOYOTA,Hybrid Electric Vehicle,4658,0.8218066337332393
2019,UBCO,Battery Electric Vehicle,2,2.1408691928923143e-4
2019,VOLKSWAGEN,Battery Electric Vehicle,533,0.05705416399058018
2019,VOLKSWAGEN,Hybrid Electric Vehicle,1,1.7642907551164433e-4
2019,VOLVO,Hybrid Electric Vehicle,128,0.022582921665490474
2019,ZERO MOTORCYCLES,Battery Electric Vehicle,37,0.003960608006850781
2020,ACURA,Hybrid Electric Vehicle,3,4.116920543433512e-4
2020,AMPERE,Battery Electric Vehicle,2,2.109704641350211e-4
2020,ARCIMOTO,Battery Electric Vehicle,8,8.438818565400844e-4
2020,AUDI,Battery Electric Vehicle,179,0.01888185654008439
2020,AUDI,Hybrid Electric Vehicle,1,1.3723068478111705e-4
2020,BAODIAO,Battery Electric Vehicle,2,2.109704641350211e-4
2020,BMW,Battery Electric Vehicle,53,0.005590717299578059
2020,BMW,Hybrid Electric Vehicle,21,0.002881844380403458
2020,BUICK,Hybrid Electric Vehicle,4,5.489227391244682e-4
2020,CADILLAC,Hybrid Electric Vehicle,3,4.116920543433512e-4
2020,CAKE,Battery Electric Vehicle,1,1.0548523206751055e-4
2020,CHANGZHOU YAMASAKI MOTORCYCLE CO.,Battery Electric Vehicle,8,8.438818565400844e-4
2020,CHEVROLET,Battery Electric Vehicle,630,0.06645569620253164
2020,CHEVROLET,Hybrid Electric Vehicle,32,0.004391381912995746
2020,"CHONGQING ZONGSHEN AUTOMOTIVE INDUSTRY CO., LTD.",Battery Electric Vehicle,5,5.274261603375527e-4
2020,FIAT,Battery Electric Vehicle,112,0.01181434599156118
2020,FLUX,Battery Electric Vehicle,1,1.0548523206751055e-4
2020,FORD,Battery Electric Vehicle,12,0.0012658227848101266
2020,FORD,Hybrid Electric Vehicle,48,0.006587072869493619
2020,GMC,Battery Electric Vehicle,1,1.0548523206751055e-4
2020,GMC,Hybrid Electric Vehicle,10,0.0013723068478111707
2020,HARLEY DAVIDSON,Battery Electric Vehicle,11,0.001160337552742616
2020,HONDA,Battery Electric Vehicle,1,1.0548523206751055e-4
2020,HONDA,Hybrid Electric Vehicle,141,0.019349526554137506
2020,HYUNDAI,Battery Electric Vehicle,111,0.01170886075949367
2020,HYUNDAI,Hybrid Electric Vehicle,124,0.017016604912858516
2020,JAGUAR,Battery Electric Vehicle,90,0.00949367088607595
2020,KAWASAKI,Battery Electric Vehicle,1,1.0548523206751055e-4
2020,KIA,Battery Electric Vehicle,277,0.02921940928270042
2020,KIA,Hybrid Electric Vehicle,129,0.0177027583367641
2020,KTM,Battery Electric Vehicle,1,1.0548523206751055e-4
2020,LAND ROVER,Battery Electric Vehicle,1,1.0548523206751055e-4
2020,LAND ROVER,Hybrid Electric Vehicle,285,0.03911074516261836
2020,LEXUS,Hybrid Electric Vehicle,486,0.06669411280362289
2020,LINCOLN,Hybrid Electric Vehicle,1,1.3723068478111705e-4
2020,MERCEDES-BENZ,Battery Electric Vehicle,13,0.0013713080168776372
2020,MINI,Battery Electric Vehicle,82,0.008649789029535865
2020,MITSUBISHI,Battery Electric Vehicle,39,0.004113924050632912
2020,NISSAN,Battery Electric Vehicle,759,0.0800632911392405
2020,NISSAN,Hybrid Electric Vehicle,10,0.0013723068478111707
2020,PIAGGIO AND VESPA,Battery Electric Vehicle,6,6.329113924050633e-4
2020,POLARIS,Battery Electric Vehicle,4,4.219409282700422e-4
2020,POLESTAR,Battery Electric Vehicle,3,3.1645569620253165e-4
2020,PORSCHE,Battery Electric Vehicle,53,0.005590717299578059
2020,PORSCHE,Hybrid Electric Vehicle,14,0.0019212295869356388
2020,SMART,Battery Electric Vehicle,16,0.0016877637130801688
2020,SUBARU,Battery Electric Vehicle,1,1.0548523206751055e-4
2020,SUNCOR,Battery Electric Vehicle,1,1.0548523206751055e-4
2020,TESLA,Battery Electric Vehicle,6779,0.715084388185654
2020,TOYOTA,Battery Electric Vehicle,4,4.219409282700422e-4
2020,TOYOTA,Hybrid Electric Vehicle,5770,0.7918210511870454
2020,TRIDENT MOTOR,Battery Electric Vehicle,1,1.0548523206751055e-4
2020,UBCO,Battery Electric Vehicle,5,5.274261603375527e-4
2020,VANDERHALL MOTOR WORKS,Battery Electric Vehicle,1,1.0548523206751055e-4
2020,VOLKSWAGEN,Battery Electric Vehicle,182,0.01919831223628692
2020,VOLKSWAGEN,Hybrid Electric Vehicle,1,1.3723068478111705e-4
2020,VOLVO,Hybrid Electric Vehicle,204,0.02799505969534788
2020,Z ELECTRIC VEHICLE CORPORATION,Battery Electric Vehicle,1,1.0548523206751055e-4
2020,ZERO MOTORCYCLES,Battery Electric Vehicle,23,0.002426160337552743
2021,ACURA,Hybrid Electric Vehicle,3,1.9937529075563236e-4
2021,AUDI,Battery Electric Vehicle,284,0.015091933255393772
2021,BMW,Battery Electric Vehicle,82,0.004357530024444681
2021,BMW,Hybrid Electric Vehicle,73,0.004851465408387054
2021,CADILLAC,Hybrid Electric Vehicle,2,1.329168605037549e-4
2021,CHEV,Battery Electric Vehicle,1,5.3140610054203425e-5
2021,CHEVROLET,Battery Electric Vehicle,808,0.042937612923796366
2021,CHEVROLET,Hybrid Electric Vehicle,28,0.0018608360470525687
2021,"CHONGQING ZONGSHEN AUTOMOTIVE INDUSTRY CO., LTD.",Battery Electric Vehicle,8,4.251248804336274e-4
2021,FIAT,Battery Electric Vehicle,53,0.0028164523328727815
2021,FISKER AUTOMOTIVE,Hybrid Electric Vehicle,1,6.645843025187745e-5
2021,FORD,Battery Electric Vehicle,492,0.026145180146668084
2021,FORD,Hybrid Electric Vehicle,578,0.03841297268558517
2021,GARIA,Battery Electric Vehicle,1,5.3140610054203425e-5
2021,GMC,Hybrid Electric Vehicle,7,4.652090117631422e-4
2021,HONDA,Hybrid Electric Vehicle,171,0.011364391573071043
2021,HYUNDAI,Battery Electric Vehicle,168,0.008927622489106175
2021,HYUNDAI,Hybrid Electric Vehicle,1101,0.07317073170731707
2021,JAGUAR,Battery Electric Vehicle,23,0.0012222340312466786
2021,JAGUAR,Hybrid Electric Vehicle,30,0.0019937529075563236
2021,KIA,Battery Electric Vehicle,439,0.023328727813795302
2021,KIA,Hybrid Electric Vehicle,487,0.03236525553266432
2021,LAND ROVER,Hybrid Electric Vehicle,512,0.034026716288961256
2021,LEXUS,Hybrid Electric Vehicle,1012,0.06725593141489998
2021,LINCOLN,Hybrid Electric Vehicle,8,5.316674420150196e-4
2021,LIVEWIRE,Battery Electric Vehicle,2,1.0628122010840685e-4
2021,MERCEDES-BENZ,Battery Electric Vehicle,6,3.188436603252205e-4
2021,MINI,Battery Electric Vehicle,132,0.0070145605271548514
2021,MITSUBISHI,Battery Electric Vehicle,1,5.3140610054203425e-5
2021,NISSAN,Battery Electric Vehicle,1058,0.05622276543734722
2021,NISSAN,Hybrid Electric Vehicle,11,7.31042732770652e-4
2021,NIU,Battery Electric Vehicle,1,5.3140610054203425e-5
2021,PIAGGIO AND VESPA,Battery Electric Vehicle,8,4.251248804336274e-4
2021,POLESTAR,Battery Electric Vehicle,122,0.006483154426612818
2021,PORSCHE,Battery Electric Vehicle,163,0.008661919438835158
2021,PORSCHE,Hybrid Electric Vehicle,33,0.0021931281983119558
2021,RIVIAN,Battery Electric Vehicle,1,5.3140610054203425e-5
2021,SATURN,Hybrid Electric Vehicle,5,3.3229215125938727e-4
2021,SMART,Battery Electric Vehicle,28,0.0014879370815176957
2021,SUBARU,Hybrid Electric Vehicle,37,0.0024589619193194656
2021,TESLA,Battery Electric Vehicle,14120,0.7503454139653524
2021,TOYOTA,Hybrid Electric Vehicle,10847,0.7208745929421148
2021,UBCO,Battery Electric Vehicle,1,5.3140610054203425e-5
2021,VOLKSWAGEN,Battery Electric Vehicle,520,0.027633117228185778
2021,VOLKSWAGEN,Hybrid Electric Vehicle,1,6.645843025187745e-5
2021,VOLVO,Battery Electric Vehicle,259,0.013763418004038686
2021,VOLVO,Hybrid Electric Vehicle,100,0.006645843025187745
2021,ZERO MOTORCYCLES,Battery Electric Vehicle,37,0.0019662025720055265
2022,ACURA,Hybrid Electric Vehicle,2,1.0995052226498076e-4
2022,AIR EASY LLC DBA AVENTURA-X,Battery Electric Vehicle,1,4.405480417639543e-5
2022,ALTA,Battery Electric Vehicle,1,4.405480417639543e-5
2022,AMPERE,Battery Electric Vehicle,1,4.405480417639543e-5
2022,ARCIMOTO,Battery Electric Vehicle,10,4.4054804176395435e-4
2022,AUDI,Battery Electric Vehicle,399,0.01757786686638178
2022,AUSTIN EV METRO,Battery Electric Vehicle,1,4.405480417639543e-5
2022,BAODIAO,Battery Electric Vehicle,2,8.810960835279087e-5
2022,BMW,Battery Electric Vehicle,390,0.01718137362879422
2022,BMW,Hybrid Electric Vehicle,64,0.0035184167124793844
2022,BUICK,Hybrid Electric Vehicle,3,1.6492578339747114e-4
2022,CADILLAC,Hybrid Electric Vehicle,2,1.0995052226498076e-4
2022,CAKE,Battery Electric Vehicle,3,1.321644125291863e-4
2022,CHANGZHOU YAMASAKI MOTORCYCLE CO.,Battery Electric Vehicle,1,4.405480417639543e-5
2022,CHEVROLET,Battery Electric Vehicle,851,0.03749063835411252
2022,CHEVROLET,Hybrid Electric Vehicle,17,9.345794392523365e-4
2022,"CHONGQING ZONGSHEN AUTOMOTIVE INDUSTRY CO., LTD.",Battery Electric Vehicle,2,8.810960835279087e-5
2022,CHRYSLER,Battery Electric Vehicle,1,4.405480417639543e-5
2022,CRUISE CAR,Battery Electric Vehicle,1,4.405480417639543e-5
2022,EAHORA,Battery Electric Vehicle,4,1.7621921670558173e-4
2022,ELECTRA MECCANICA VEHICLES CORP.,Battery Electric Vehicle,9,3.9649323758755893e-4
2022,ENERGICA,Battery Electric Vehicle,2,8.810960835279087e-5
2022,EVT,Battery Electric Vehicle,1,4.405480417639543e-5
2022,FIAT,Battery Electric Vehicle,48,0.002114630600466981
2022,FISKER AUTOMOTIVE,Hybrid Electric Vehicle,3,1.6492578339747114e-4
2022,FORD,Battery Electric Vehicle,895,0.039429049737873915
2022,FORD,Hybrid Electric Vehicle,959,0.05272127542605828
2022,"GEELY GROUP ZHEJIANG MOTORCYCLE CO., LTD. / SONDORS",Battery Electric Vehicle,1,4.405480417639543e-5
2022,GEM,Battery Electric Vehicle,1,4.405480417639543e-5
2022,GENESIS,Battery Electric Vehicle,15,6.608220626459316e-4
2022,GMC,Battery Electric Vehicle,7,3.0838362923476804e-4
2022,GMC,Hybrid Electric Vehicle,6,3.298515667949423e-4
2022,HARLEY DAVIDSON,Battery Electric Vehicle,2,8.810960835279087e-5
2022,"HARLEY DAVIDSON, LIVEWIRE",Battery Electric Vehicle,6,2.643288250583726e-4
2022,HONDA,Battery Electric Vehicle,1,4.405480417639543e-5
2022,HONDA,Hybrid Electric Vehicle,160,0.008796041781198461
2022,HUCK CYCLES,Battery Electric Vehicle,3,1.321644125291863e-4
2022,HYUNDAI,Battery Electric Vehicle,560,0.024670690338781442
2022,HYUNDAI,Hybrid Electric Vehicle,1692,0.09301814183617373
2022,"HYUNDAI, KIA",Battery Electric Vehicle,1,4.405480417639543e-5
2022,JAGUAR,Battery Electric Vehicle,22,9.692056918806995e-4
2022,JAGUAR,Hybrid Electric Vehicle,7,3.8482682792743267e-4
2022,KARMA,Battery Electric Vehicle,1,4.405480417639543e-5
2022,KAWASAKI,Battery Electric Vehicle,1,4.405480417639543e-5
2022,KIA,Battery Electric Vehicle,1058,0.04660998281862637
2022,KIA,Hybrid Electric Vehicle,1567,0.08614623419461243
2022,KOLLTER,Battery Electric Vehicle,1,4.405480417639543e-5
2022,"KTM, HUSQVARNA, HUSABERG, GASGAS",Battery Electric Vehicle,1,4.405480417639543e-5
2022,LAND,Battery Electric Vehicle,1,4.405480417639543e-5
2022,LAND ROVER,Hybrid Electric Vehicle,285,0.015667949422759758
2022,LEXUS,Hybrid Electric Vehicle,1192,0.06553051126992854
2022,LINCOLN,Hybrid Electric Vehicle,5,2.748763056624519e-4
2022,LIVEWIRE,Battery Electric Vehicle,6,2.643288250583726e-4
2022,LUCID MOTORS,Battery Electric Vehicle,47,0.0020705757962905854
2022,MAZDA,Battery Electric Vehicle,1,4.405480417639543e-5
2022,MCLAREN,Hybrid Electric Vehicle,1,5.497526113249038e-5
2022,MERCEDES-BENZ,Battery Electric Vehicle,148,0.006520111018106524
2022,MERCEDES-BENZ,Hybrid Electric Vehicle,15,8.246289169873557e-4
2022,MINI,Battery Electric Vehicle,207,0.009119344464513856
2022,NEW WAVE,Battery Electric Vehicle,1,4.405480417639543e-5
2022,NISSAN,Battery Electric Vehicle,928,0.04088285827569497
2022,NISSAN,Hybrid Electric Vehicle,2,1.0995052226498076e-4
2022,NIU,Battery Electric Vehicle,1,4.405480417639543e-5
2022,PIAGGIO AND VESPA,Battery Electric Vehicle,8,3.5243843341116346e-4
2022,POLESTAR,Battery Electric Vehicle,368,0.016212167936913522
2022,PORSCHE,Battery Electric Vehicle,188,0.008282303185162342
2022,PORSCHE,Hybrid Electric Vehicle,6,3.298515667949423e-4
2022,RAM,Hybrid Electric Vehicle,1,5.497526113249038e-5
2022,RIVIAN,Battery Electric Vehicle,599,0.026388827701660865
2022,SATURN,Hybrid Electric Vehicle,1,5.497526113249038e-5
2022,SMART,Battery Electric Vehicle,17,7.489316709987224e-4
2022,SUBARU,Battery Electric Vehicle,11,4.8460284594034977e-4
2022,SUBARU,Hybrid Electric Vehicle,39,0.002144035184167125
2022,TESLA,Battery Electric Vehicle,14540,0.6405568527247897
2022,TEYIN,Battery Electric Vehicle,1,4.405480417639543e-5
2022,TEYIN,Hybrid Electric Vehicle,1,5.497526113249038e-5
2022,THAMLEV,Battery Electric Vehicle,1,4.405480417639543e-5
2022,TOYOTA,Battery Electric Vehicle,9,3.9649323758755893e-4
2022,TOYOTA,Hybrid Electric Vehicle,11640,0.639912039582188
2022,UBCO,Battery Electric Vehicle,1,4.405480417639543e-5
2022,VOLKSWAGEN,Battery Electric Vehicle,887,0.03907661130446275
2022,VOLVO,Battery Electric Vehicle,367,0.016168113132737125
2022,VOLVO,Hybrid Electric Vehicle,520,0.028587135788894998
2022,ZERO MOTORCYCLES,Battery Electric Vehicle,58,0.0025551786422309355
2023,ARCIMOTO,Battery Electric Vehicle,1,9.744689144416293e-5
2023,AUDI,Battery Electric Vehicle,167,0.01627363087117521
2023,BMW,Battery Electric Vehicle,275,0.026797895147144805
2023,BMW,Hybrid Electric Vehicle,5,7.675775253300583e-4
2023,CADILLAC,Battery Electric Vehicle,15,0.001461703371662444
2023,CAKE,Battery Electric Vehicle,1,9.744689144416293e-5
2023,CHEVROLET,Battery Electric Vehicle,637,0.06207366984993179
2023,CHEVROLET,Hybrid Electric Vehicle,38,0.005833589192508443
2023,EAHORA,Battery Electric Vehicle,1,9.744689144416293e-5
2023,ELECTRA MECCANICA VEHICLES CORP.,Battery Electric Vehicle,3,2.923406743324888e-4
2023,ENERGICA,Battery Electric Vehicle,1,9.744689144416293e-5
2023,FERRARI,Hybrid Electric Vehicle,2,3.0703101013202335e-4
2023,FIAT,Battery Electric Vehicle,7,6.821282401091405e-4
2023,FORD,Battery Electric Vehicle,423,0.04122003508088092
2023,FORD,Hybrid Electric Vehicle,359,0.05511206631869819
2023,GENESIS,Battery Electric Vehicle,28,0.002728512960436562
2023,HONDA,Battery Electric Vehicle,1,9.744689144416293e-5
2023,HONDA,Hybrid Electric Vehicle,40,0.006140620202640466
2023,HYUNDAI,Battery Electric Vehicle,485,0.04726174235041902
2023,HYUNDAI,Hybrid Electric Vehicle,629,0.09656125268652134
2023,JAGUAR,Battery Electric Vehicle,4,3.897875657766517e-4
2023,JAGUAR,Hybrid Electric Vehicle,3,4.60546515198035e-4
2023,KARMA,Hybrid Electric Vehicle,1,1.5351550506601167e-4
2023,KIA,Battery Electric Vehicle,314,0.03059832391346716
2023,KIA,Hybrid Electric Vehicle,906,0.13908504758980658
2023,LAND ROVER,Hybrid Electric Vehicle,167,0.025637089346023947
2023,LEXUS,Battery Electric Vehicle,11,0.0010719158058857922
2023,LEXUS,Hybrid Electric Vehicle,651,0.0999385937979736
2023,LINCOLN,Hybrid Electric Vehicle,1,1.5351550506601167e-4
2023,LUCID,Battery Electric Vehicle,11,0.0010719158058857922
2023,LUCID MOTORS,Battery Electric Vehicle,41,0.00399532254921068
2023,MAZDA,Hybrid Electric Vehicle,3,4.60546515198035e-4
2023,MERCEDES-BENZ,Battery Electric Vehicle,159,0.015494055739621907
2023,MERCEDES-BENZ,Hybrid Electric Vehicle,2,3.0703101013202335e-4
2023,MINI,Battery Electric Vehicle,46,0.004482557006431495
2023,NISSAN,Battery Electric Vehicle,266,0.02592087312414734
2023,NISSAN,Hybrid Electric Vehicle,2,3.0703101013202335e-4
2023,NIU,Battery Electric Vehicle,1,9.744689144416293e-5
2023,POLESTAR,Battery Electric Vehicle,56,0.005457025920873124
2023,PORSCHE,Battery Electric Vehicle,40,0.0038978756577665173
2023,PORSCHE,Hybrid Electric Vehicle,2,3.0703101013202335e-4
2023,RIVIAN,Battery Electric Vehicle,714,0.06957708049113233
2023,SATURN,Hybrid Electric Vehicle,1,1.5351550506601167e-4
2023,SMART,Battery Electric Vehicle,2,1.9489378288832586e-4
2023,SUBARU,Battery Electric Vehicle,84,0.008185538881309686
2023,SUBARU,Hybrid Electric Vehicle,18,0.00276327909118821
2023,TESLA,Battery Electric Vehicle,5710,0.5564217501461703
2023,TOYOTA,Battery Electric Vehicle,25,0.0024361722861040735
2023,TOYOTA,Hybrid Electric Vehicle,3355,0.5150445194964691
2023,UBCO,Battery Electric Vehicle,2,1.9489378288832586e-4
2023,VANTAGE VEHICLE INTERNATIONAL,Battery Electric Vehicle,1,9.744689144416293e-5
2023,VOLKSWAGEN,Battery Electric Vehicle,514,0.050087702202299744
2023,VOLKSWAGEN,Hybrid Electric Vehicle,1,1.5351550506601167e-4
2023,VOLVO,Battery Electric Vehicle,201,0.01958682518027675
2023,VOLVO,Hybrid Electric Vehicle,328,0.05035308566165183
2023,ZERO MOTORCYCLES,Battery Electric Vehicle,5,4.8723445722081467e-4
2023,"ZHEJIANG GEELY MING INDUSTRIAL CO., LTD / SONDORS",Battery Electric Vehicle,9,8.770220229974664e-4
2023,ZIGGY,Battery Electric Vehicle,1,9.744689144416293e-5
