geography,variable,concept,year,estimate
City of Seattle,"Light Rail, Streetcar & Monorail",Transit Boardings,2002,409860
City of Seattle,"Light Rail, Streetcar & Monorail",Transit Boardings,2003,482473
City of Seattle,"Light Rail, Streetcar & Monorail",Transit Boardings,2004,498540
City of Seattle,"Light Rail, Streetcar & Monorail",Transit Boardings,2005,324323
City of Seattle,"Light Rail, Streetcar & Monorail",Transit Boardings,2006,0
City of Seattle,"Light Rail, Streetcar & Monorail",Transit Boardings,2007,312187
City of Seattle,"Light Rail, Streetcar & Monorail",Transit Boardings,2008,350695
City of Seattle,"Light Rail, Streetcar & Monorail",Transit Boardings,2009,337585
City of Seattle,"Light Rail, Streetcar & Monorail",Transit Boardings,2010,353547
City of Seattle,"Light Rail, Streetcar & Monorail",Transit Boardings,2011,391325
City of Seattle,"Light Rail, Streetcar & Monorail",Transit Boardings,2012,397446
City of Seattle,"Light Rail, Streetcar & Monorail",Transit Boardings,2013,441496
City of Seattle,"Light Rail, Streetcar & Monorail",Transit Boardings,2014,458874
City of Seattle,"Light Rail, Streetcar & Monorail",Transit Boardings,2015,504280
City of Seattle,"Light Rail, Streetcar & Monorail",Transit Boardings,2016,493271
City of Seattle,"Light Rail, Streetcar & Monorail",Transit Boardings,2017,485391
City of Seattle,"Light Rail, Streetcar & Monorail",Transit Boardings,2018,405541
City of Seattle,"Light Rail, Streetcar & Monorail",Transit Boardings,2019,425353
City of Seattle,"Light Rail, Streetcar & Monorail",Transit Boardings,2020,211203
City of Seattle,"Light Rail, Streetcar & Monorail",Transit Boardings,2021,69213
City of Seattle,"Light Rail, Streetcar & Monorail",Transit Boardings,2022,379244
City of Seattle,"Light Rail, Streetcar & Monorail",Transit Boardings,2023,533649
City of Seattle,"Light Rail, Streetcar & Monorail",Transit Revenue-Hours,2002,5500
City of Seattle,"Light Rail, Streetcar & Monorail",Transit Revenue-Hours,2003,7294
City of Seattle,"Light Rail, Streetcar & Monorail",Transit Revenue-Hours,2004,7130
City of Seattle,"Light Rail, Streetcar & Monorail",Transit Revenue-Hours,2005,4004
City of Seattle,"Light Rail, Streetcar & Monorail",Transit Revenue-Hours,2006,0
City of Seattle,"Light Rail, Streetcar & Monorail",Transit Revenue-Hours,2007,4523
City of Seattle,"Light Rail, Streetcar & Monorail",Transit Revenue-Hours,2008,6397
City of Seattle,"Light Rail, Streetcar & Monorail",Transit Revenue-Hours,2009,6080
City of Seattle,"Light Rail, Streetcar & Monorail",Transit Revenue-Hours,2010,5949
City of Seattle,"Light Rail, Streetcar & Monorail",Transit Revenue-Hours,2011,5978
City of Seattle,"Light Rail, Streetcar & Monorail",Transit Revenue-Hours,2012,6510
City of Seattle,"Light Rail, Streetcar & Monorail",Transit Revenue-Hours,2013,6694
City of Seattle,"Light Rail, Streetcar & Monorail",Transit Revenue-Hours,2014,6644
City of Seattle,"Light Rail, Streetcar & Monorail",Transit Revenue-Hours,2015,6622
City of Seattle,"Light Rail, Streetcar & Monorail",Transit Revenue-Hours,2016,6784
City of Seattle,"Light Rail, Streetcar & Monorail",Transit Revenue-Hours,2017,6632
City of Seattle,"Light Rail, Streetcar & Monorail",Transit Revenue-Hours,2018,6633
City of Seattle,"Light Rail, Streetcar & Monorail",Transit Revenue-Hours,2019,5851
City of Seattle,"Light Rail, Streetcar & Monorail",Transit Revenue-Hours,2020,4083
City of Seattle,"Light Rail, Streetcar & Monorail",Transit Revenue-Hours,2021,3115
City of Seattle,"Light Rail, Streetcar & Monorail",Transit Revenue-Hours,2022,6519
City of Seattle,"Light Rail, Streetcar & Monorail",Transit Revenue-Hours,2023,6864
City of Seattle,"Light Rail, Streetcar & Monorail",Transit Revenue-Miles,2002,59404
City of Seattle,"Light Rail, Streetcar & Monorail",Transit Revenue-Miles,2003,78802
City of Seattle,"Light Rail, Streetcar & Monorail",Transit Revenue-Miles,2004,79107
City of Seattle,"Light Rail, Streetcar & Monorail",Transit Revenue-Miles,2005,45228
City of Seattle,"Light Rail, Streetcar & Monorail",Transit Revenue-Miles,2006,0
City of Seattle,"Light Rail, Streetcar & Monorail",Transit Revenue-Miles,2007,41804
City of Seattle,"Light Rail, Streetcar & Monorail",Transit Revenue-Miles,2008,62120
City of Seattle,"Light Rail, Streetcar & Monorail",Transit Revenue-Miles,2009,59404
City of Seattle,"Light Rail, Streetcar & Monorail",Transit Revenue-Miles,2010,57828
City of Seattle,"Light Rail, Streetcar & Monorail",Transit Revenue-Miles,2011,64056
City of Seattle,"Light Rail, Streetcar & Monorail",Transit Revenue-Miles,2012,67956
City of Seattle,"Light Rail, Streetcar & Monorail",Transit Revenue-Miles,2013,70136
City of Seattle,"Light Rail, Streetcar & Monorail",Transit Revenue-Miles,2014,69044
City of Seattle,"Light Rail, Streetcar & Monorail",Transit Revenue-Miles,2015,71039
City of Seattle,"Light Rail, Streetcar & Monorail",Transit Revenue-Miles,2016,73728
City of Seattle,"Light Rail, Streetcar & Monorail",Transit Revenue-Miles,2017,69375
City of Seattle,"Light Rail, Streetcar & Monorail",Transit Revenue-Miles,2018,66743
City of Seattle,"Light Rail, Streetcar & Monorail",Transit Revenue-Miles,2019,56348
City of Seattle,"Light Rail, Streetcar & Monorail",Transit Revenue-Miles,2020,40226
City of Seattle,"Light Rail, Streetcar & Monorail",Transit Revenue-Miles,2021,30032
City of Seattle,"Light Rail, Streetcar & Monorail",Transit Revenue-Miles,2022,73157
City of Seattle,"Light Rail, Streetcar & Monorail",Transit Revenue-Miles,2023,75526
Community Transit,Bus,Transit Boardings,2002,2656692
Community Transit,Bus,Transit Boardings,2003,2638285
Community Transit,Bus,Transit Boardings,2004,2816416
Community Transit,Bus,Transit Boardings,2005,2518823
Community Transit,Bus,Transit Boardings,2006,2805046
Community Transit,Bus,Transit Boardings,2007,2945431
Community Transit,Bus,Transit Boardings,2008,3280742
Community Transit,Bus,Transit Boardings,2009,3343534
Community Transit,Bus,Transit Boardings,2010,3131402
Community Transit,Bus,Transit Boardings,2011,2857783
Community Transit,Bus,Transit Boardings,2012,2737814
Community Transit,Bus,Transit Boardings,2013,2707146
Community Transit,Bus,Transit Boardings,2014,2904640
Community Transit,Bus,Transit Boardings,2015,2966415
Community Transit,Bus,Transit Boardings,2016,3114602
Community Transit,Bus,Transit Boardings,2017,3042553
Community Transit,Bus,Transit Boardings,2018,3182723
Community Transit,Bus,Transit Boardings,2019,3167448
Community Transit,Bus,Transit Boardings,2020,2488245
Community Transit,Bus,Transit Boardings,2021,1393703
Community Transit,Bus,Transit Boardings,2022,1622247
Community Transit,Bus,Transit Boardings,2023,2043438
Community Transit,Bus,Transit Revenue-Hours,2002,116715
Community Transit,Bus,Transit Revenue-Hours,2003,127988
Community Transit,Bus,Transit Revenue-Hours,2004,144812
Community Transit,Bus,Transit Revenue-Hours,2005,123029
Community Transit,Bus,Transit Revenue-Hours,2006,179346
Community Transit,Bus,Transit Revenue-Hours,2007,164757
Community Transit,Bus,Transit Revenue-Hours,2008,168618
Community Transit,Bus,Transit Revenue-Hours,2009,170700
Community Transit,Bus,Transit Revenue-Hours,2010,184808
Community Transit,Bus,Transit Revenue-Hours,2011,152369
Community Transit,Bus,Transit Revenue-Hours,2012,127446
Community Transit,Bus,Transit Revenue-Hours,2013,117690
Community Transit,Bus,Transit Revenue-Hours,2014,123315
Community Transit,Bus,Transit Revenue-Hours,2015,128849
Community Transit,Bus,Transit Revenue-Hours,2016,144686
Community Transit,Bus,Transit Revenue-Hours,2017,161781
Community Transit,Bus,Transit Revenue-Hours,2018,171393
Community Transit,Bus,Transit Revenue-Hours,2019,180760
Community Transit,Bus,Transit Revenue-Hours,2020,182497
Community Transit,Bus,Transit Revenue-Hours,2021,169127
Community Transit,Bus,Transit Revenue-Hours,2022,163372
Community Transit,Bus,Transit Revenue-Hours,2023,154863
Community Transit,Bus,Transit Revenue-Miles,2002,2576123
Community Transit,Bus,Transit Revenue-Miles,2003,2867650
Community Transit,Bus,Transit Revenue-Miles,2004,3252826
Community Transit,Bus,Transit Revenue-Miles,2005,2683398
Community Transit,Bus,Transit Revenue-Miles,2006,2695619
Community Transit,Bus,Transit Revenue-Miles,2007,2735335
Community Transit,Bus,Transit Revenue-Miles,2008,2761103
Community Transit,Bus,Transit Revenue-Miles,2009,2806279
Community Transit,Bus,Transit Revenue-Miles,2010,3089288
Community Transit,Bus,Transit Revenue-Miles,2011,2572632
Community Transit,Bus,Transit Revenue-Miles,2012,2170038
Community Transit,Bus,Transit Revenue-Miles,2013,1958222
Community Transit,Bus,Transit Revenue-Miles,2014,2009088
Community Transit,Bus,Transit Revenue-Miles,2015,2085088
Community Transit,Bus,Transit Revenue-Miles,2016,2287174
Community Transit,Bus,Transit Revenue-Miles,2017,2466903
Community Transit,Bus,Transit Revenue-Miles,2018,2635107
Community Transit,Bus,Transit Revenue-Miles,2019,2717503
Community Transit,Bus,Transit Revenue-Miles,2020,2767979
Community Transit,Bus,Transit Revenue-Miles,2021,2659181
Community Transit,Bus,Transit Revenue-Miles,2022,2619007
Community Transit,Bus,Transit Revenue-Miles,2023,2458048
Community Transit,Vanpool,Transit Boardings,2002,242380
Community Transit,Vanpool,Transit Boardings,2003,215404
Community Transit,Vanpool,Transit Boardings,2004,188816
Community Transit,Vanpool,Transit Boardings,2005,208913
Community Transit,Vanpool,Transit Boardings,2006,252818
Community Transit,Vanpool,Transit Boardings,2007,247062
Community Transit,Vanpool,Transit Boardings,2008,291381
Community Transit,Vanpool,Transit Boardings,2009,306015
Community Transit,Vanpool,Transit Boardings,2010,293320
Community Transit,Vanpool,Transit Boardings,2011,297979
Community Transit,Vanpool,Transit Boardings,2012,316239
Community Transit,Vanpool,Transit Boardings,2013,318034
Community Transit,Vanpool,Transit Boardings,2014,318598
Community Transit,Vanpool,Transit Boardings,2015,311810
Community Transit,Vanpool,Transit Boardings,2016,300685
Community Transit,Vanpool,Transit Boardings,2017,293691
Community Transit,Vanpool,Transit Boardings,2018,287665
Community Transit,Vanpool,Transit Boardings,2019,272213
Community Transit,Vanpool,Transit Boardings,2020,152229
Community Transit,Vanpool,Transit Boardings,2021,73688
Community Transit,Vanpool,Transit Boardings,2022,81508
Community Transit,Vanpool,Transit Boardings,2023,116905
Community Transit,Vanpool,Transit Revenue-Hours,2002,21770
Community Transit,Vanpool,Transit Revenue-Hours,2003,20077
Community Transit,Vanpool,Transit Revenue-Hours,2004,17825
Community Transit,Vanpool,Transit Revenue-Hours,2005,19563
Community Transit,Vanpool,Transit Revenue-Hours,2006,23036
Community Transit,Vanpool,Transit Revenue-Hours,2007,24673
Community Transit,Vanpool,Transit Revenue-Hours,2008,29771
Community Transit,Vanpool,Transit Revenue-Hours,2009,29430
Community Transit,Vanpool,Transit Revenue-Hours,2010,27712
Community Transit,Vanpool,Transit Revenue-Hours,2011,50925
Community Transit,Vanpool,Transit Revenue-Hours,2012,50500
Community Transit,Vanpool,Transit Revenue-Hours,2013,49793
Community Transit,Vanpool,Transit Revenue-Hours,2014,50360
Community Transit,Vanpool,Transit Revenue-Hours,2015,47822
Community Transit,Vanpool,Transit Revenue-Hours,2016,48270
Community Transit,Vanpool,Transit Revenue-Hours,2017,47051
Community Transit,Vanpool,Transit Revenue-Hours,2018,48004
Community Transit,Vanpool,Transit Revenue-Hours,2019,49286
Community Transit,Vanpool,Transit Revenue-Hours,2020,33367
Community Transit,Vanpool,Transit Revenue-Hours,2021,15771
Community Transit,Vanpool,Transit Revenue-Hours,2022,17128
Community Transit,Vanpool,Transit Revenue-Hours,2023,23766
Community Transit,Vanpool,Transit Revenue-Miles,2002,6386770
Community Transit,Vanpool,Transit Revenue-Miles,2003,5750379
Community Transit,Vanpool,Transit Revenue-Miles,2004,4918817
Community Transit,Vanpool,Transit Revenue-Miles,2005,1079307
Community Transit,Vanpool,Transit Revenue-Miles,2006,1268785
Community Transit,Vanpool,Transit Revenue-Miles,2007,1340626
Community Transit,Vanpool,Transit Revenue-Miles,2008,1631619
Community Transit,Vanpool,Transit Revenue-Miles,2009,1612893
Community Transit,Vanpool,Transit Revenue-Miles,2010,1518188
Community Transit,Vanpool,Transit Revenue-Miles,2011,1550799
Community Transit,Vanpool,Transit Revenue-Miles,2012,1659721
Community Transit,Vanpool,Transit Revenue-Miles,2013,1627854
Community Transit,Vanpool,Transit Revenue-Miles,2014,1645217
Community Transit,Vanpool,Transit Revenue-Miles,2015,1579797
Community Transit,Vanpool,Transit Revenue-Miles,2016,1568527
Community Transit,Vanpool,Transit Revenue-Miles,2017,1531430
Community Transit,Vanpool,Transit Revenue-Miles,2018,1538926
Community Transit,Vanpool,Transit Revenue-Miles,2019,1555098
Community Transit,Vanpool,Transit Revenue-Miles,2020,1039977
Community Transit,Vanpool,Transit Revenue-Miles,2021,511010
Community Transit,Vanpool,Transit Revenue-Miles,2022,579851
Community Transit,Vanpool,Transit Revenue-Miles,2023,836408
Everett Transit,Bus,Transit Boardings,2002,509797
Everett Transit,Bus,Transit Boardings,2003,649886
Everett Transit,Bus,Transit Boardings,2004,653195
Everett Transit,Bus,Transit Boardings,2005,636929
Everett Transit,Bus,Transit Boardings,2006,697176
Everett Transit,Bus,Transit Boardings,2007,720297
Everett Transit,Bus,Transit Boardings,2008,792108
Everett Transit,Bus,Transit Boardings,2009,857975
Everett Transit,Bus,Transit Boardings,2010,765310
Everett Transit,Bus,Transit Boardings,2011,763452
Everett Transit,Bus,Transit Boardings,2012,775119
Everett Transit,Bus,Transit Boardings,2013,662715
Everett Transit,Bus,Transit Boardings,2014,653935
Everett Transit,Bus,Transit Boardings,2015,661890
Everett Transit,Bus,Transit Boardings,2016,663367
Everett Transit,Bus,Transit Boardings,2017,635462
Everett Transit,Bus,Transit Boardings,2018,584836
Everett Transit,Bus,Transit Boardings,2019,548179
Everett Transit,Bus,Transit Boardings,2020,369874
Everett Transit,Bus,Transit Boardings,2021,218908
Everett Transit,Bus,Transit Boardings,2022,296444
Everett Transit,Bus,Transit Boardings,2023,382048
Everett Transit,Bus,Transit Revenue-Hours,2002,29459
Everett Transit,Bus,Transit Revenue-Hours,2003,29520
Everett Transit,Bus,Transit Revenue-Hours,2004,18973
Everett Transit,Bus,Transit Revenue-Hours,2005,29547
Everett Transit,Bus,Transit Revenue-Hours,2006,24863
Everett Transit,Bus,Transit Revenue-Hours,2007,26886
Everett Transit,Bus,Transit Revenue-Hours,2008,37379
Everett Transit,Bus,Transit Revenue-Hours,2009,37628
Everett Transit,Bus,Transit Revenue-Hours,2010,42673
Everett Transit,Bus,Transit Revenue-Hours,2011,40299
Everett Transit,Bus,Transit Revenue-Hours,2012,39669
Everett Transit,Bus,Transit Revenue-Hours,2013,33188
Everett Transit,Bus,Transit Revenue-Hours,2014,32826
Everett Transit,Bus,Transit Revenue-Hours,2015,32835
Everett Transit,Bus,Transit Revenue-Hours,2016,33975
Everett Transit,Bus,Transit Revenue-Hours,2017,34920
Everett Transit,Bus,Transit Revenue-Hours,2018,34867
Everett Transit,Bus,Transit Revenue-Hours,2019,34799
Everett Transit,Bus,Transit Revenue-Hours,2020,28430
Everett Transit,Bus,Transit Revenue-Hours,2021,26913
Everett Transit,Bus,Transit Revenue-Hours,2022,30698
Everett Transit,Bus,Transit Revenue-Hours,2023,30521
Everett Transit,Bus,Transit Revenue-Miles,2002,365713
Everett Transit,Bus,Transit Revenue-Miles,2003,366159
Everett Transit,Bus,Transit Revenue-Miles,2004,313800
Everett Transit,Bus,Transit Revenue-Miles,2005,357566
Everett Transit,Bus,Transit Revenue-Miles,2006,410805
Everett Transit,Bus,Transit Revenue-Miles,2007,427739
Everett Transit,Bus,Transit Revenue-Miles,2008,454862
Everett Transit,Bus,Transit Revenue-Miles,2009,466474
Everett Transit,Bus,Transit Revenue-Miles,2010,536446
Everett Transit,Bus,Transit Revenue-Miles,2011,473821
Everett Transit,Bus,Transit Revenue-Miles,2012,479901
Everett Transit,Bus,Transit Revenue-Miles,2013,398644
Everett Transit,Bus,Transit Revenue-Miles,2014,391686
Everett Transit,Bus,Transit Revenue-Miles,2015,391686
Everett Transit,Bus,Transit Revenue-Miles,2016,405109
Everett Transit,Bus,Transit Revenue-Miles,2017,419159
Everett Transit,Bus,Transit Revenue-Miles,2018,419291
Everett Transit,Bus,Transit Revenue-Miles,2019,411260
Everett Transit,Bus,Transit Revenue-Miles,2020,327652
Everett Transit,Bus,Transit Revenue-Miles,2021,312153
Everett Transit,Bus,Transit Revenue-Miles,2022,369203
Everett Transit,Bus,Transit Revenue-Miles,2023,368524
King County Metro,Bus,Transit Boardings,2002,31480284
King County Metro,Bus,Transit Boardings,2003,31267133
King County Metro,Bus,Transit Boardings,2004,32565612
King County Metro,Bus,Transit Boardings,2005,30935397
King County Metro,Bus,Transit Boardings,2006,32646876
King County Metro,Bus,Transit Boardings,2007,35518174
King County Metro,Bus,Transit Boardings,2008,38486145
King County Metro,Bus,Transit Boardings,2009,37461161
King County Metro,Bus,Transit Boardings,2010,36459330
King County Metro,Bus,Transit Boardings,2011,36839918
King County Metro,Bus,Transit Boardings,2012,37584745
King County Metro,Bus,Transit Boardings,2013,38902938
King County Metro,Bus,Transit Boardings,2014,39699411
King County Metro,Bus,Transit Boardings,2015,40281930
King County Metro,Bus,Transit Boardings,2016,40739758
King County Metro,Bus,Transit Boardings,2017,40095797
King County Metro,Bus,Transit Boardings,2018,40526666
King County Metro,Bus,Transit Boardings,2019,40131665
King County Metro,Bus,Transit Boardings,2020,28804795
King County Metro,Bus,Transit Boardings,2021,13880347
King County Metro,Bus,Transit Boardings,2022,18957850
King County Metro,Bus,Transit Boardings,2023,23641119
King County Metro,Bus,Transit Revenue-Hours,2002,1003150
King County Metro,Bus,Transit Revenue-Hours,2003,1018545
King County Metro,Bus,Transit Revenue-Hours,2004,1044996
King County Metro,Bus,Transit Revenue-Hours,2005,819624
King County Metro,Bus,Transit Revenue-Hours,2006,955614
King County Metro,Bus,Transit Revenue-Hours,2007,992432
King County Metro,Bus,Transit Revenue-Hours,2008,1043474
King County Metro,Bus,Transit Revenue-Hours,2009,1033925
King County Metro,Bus,Transit Revenue-Hours,2010,1026332
King County Metro,Bus,Transit Revenue-Hours,2011,1023213
King County Metro,Bus,Transit Revenue-Hours,2012,1045413
King County Metro,Bus,Transit Revenue-Hours,2013,1050332
King County Metro,Bus,Transit Revenue-Hours,2014,1051421
King County Metro,Bus,Transit Revenue-Hours,2015,1035652
King County Metro,Bus,Transit Revenue-Hours,2016,1134169
King County Metro,Bus,Transit Revenue-Hours,2017,1138898
King County Metro,Bus,Transit Revenue-Hours,2018,1169433
King County Metro,Bus,Transit Revenue-Hours,2019,1194090
King County Metro,Bus,Transit Revenue-Hours,2020,1111025
King County Metro,Bus,Transit Revenue-Hours,2021,1097035
King County Metro,Bus,Transit Revenue-Hours,2022,1075178
King County Metro,Bus,Transit Revenue-Hours,2023,1030526
King County Metro,Bus,Transit Revenue-Miles,2002,12352087
King County Metro,Bus,Transit Revenue-Miles,2003,12582244
King County Metro,Bus,Transit Revenue-Miles,2004,13021068
King County Metro,Bus,Transit Revenue-Miles,2005,13589987
King County Metro,Bus,Transit Revenue-Miles,2006,11148525
King County Metro,Bus,Transit Revenue-Miles,2007,11210321
King County Metro,Bus,Transit Revenue-Miles,2008,11829858
King County Metro,Bus,Transit Revenue-Miles,2009,11698103
King County Metro,Bus,Transit Revenue-Miles,2010,11614485
King County Metro,Bus,Transit Revenue-Miles,2011,11824813
King County Metro,Bus,Transit Revenue-Miles,2012,12018831
King County Metro,Bus,Transit Revenue-Miles,2013,11948874
King County Metro,Bus,Transit Revenue-Miles,2014,11879171
King County Metro,Bus,Transit Revenue-Miles,2015,11536669
King County Metro,Bus,Transit Revenue-Miles,2016,12108366
King County Metro,Bus,Transit Revenue-Miles,2017,12069817
King County Metro,Bus,Transit Revenue-Miles,2018,12309021
King County Metro,Bus,Transit Revenue-Miles,2019,14411060
King County Metro,Bus,Transit Revenue-Miles,2020,11329264
King County Metro,Bus,Transit Revenue-Miles,2021,11415913
King County Metro,Bus,Transit Revenue-Miles,2022,11048996
King County Metro,Bus,Transit Revenue-Miles,2023,10413786
King County Metro,Ferry,Transit Boardings,2002,0
King County Metro,Ferry,Transit Boardings,2003,0
King County Metro,Ferry,Transit Boardings,2004,0
King County Metro,Ferry,Transit Boardings,2005,0
King County Metro,Ferry,Transit Boardings,2006,0
King County Metro,Ferry,Transit Boardings,2007,0
King County Metro,Ferry,Transit Boardings,2008,0
King County Metro,Ferry,Transit Boardings,2009,0
King County Metro,Ferry,Transit Boardings,2010,61047
King County Metro,Ferry,Transit Boardings,2011,72685
King County Metro,Ferry,Transit Boardings,2012,101828
King County Metro,Ferry,Transit Boardings,2013,102655
King County Metro,Ferry,Transit Boardings,2014,108831
King County Metro,Ferry,Transit Boardings,2015,116486
King County Metro,Ferry,Transit Boardings,2016,145603
King County Metro,Ferry,Transit Boardings,2017,138597
King County Metro,Ferry,Transit Boardings,2018,157038
King County Metro,Ferry,Transit Boardings,2019,215388
King County Metro,Ferry,Transit Boardings,2020,89377
King County Metro,Ferry,Transit Boardings,2021,31218
King County Metro,Ferry,Transit Boardings,2022,89268
King County Metro,Ferry,Transit Boardings,2023,88498
King County Metro,Ferry,Transit Revenue-Hours,2002,0
King County Metro,Ferry,Transit Revenue-Hours,2003,0
King County Metro,Ferry,Transit Revenue-Hours,2004,0
King County Metro,Ferry,Transit Revenue-Hours,2005,0
King County Metro,Ferry,Transit Revenue-Hours,2006,0
King County Metro,Ferry,Transit Revenue-Hours,2007,0
King County Metro,Ferry,Transit Revenue-Hours,2008,0
King County Metro,Ferry,Transit Revenue-Hours,2009,0
King County Metro,Ferry,Transit Revenue-Hours,2010,814
King County Metro,Ferry,Transit Revenue-Hours,2011,1207
King County Metro,Ferry,Transit Revenue-Hours,2012,1225
King County Metro,Ferry,Transit Revenue-Hours,2013,1255
King County Metro,Ferry,Transit Revenue-Hours,2014,1224
King County Metro,Ferry,Transit Revenue-Hours,2015,1257
King County Metro,Ferry,Transit Revenue-Hours,2016,1262
King County Metro,Ferry,Transit Revenue-Hours,2017,1205
King County Metro,Ferry,Transit Revenue-Hours,2018,1333
King County Metro,Ferry,Transit Revenue-Hours,2019,2374
King County Metro,Ferry,Transit Revenue-Hours,2020,890
King County Metro,Ferry,Transit Revenue-Hours,2021,1153
King County Metro,Ferry,Transit Revenue-Hours,2022,1880
King County Metro,Ferry,Transit Revenue-Hours,2023,1859
King County Metro,Ferry,Transit Revenue-Miles,2002,0
King County Metro,Ferry,Transit Revenue-Miles,2003,0
King County Metro,Ferry,Transit Revenue-Miles,2004,0
King County Metro,Ferry,Transit Revenue-Miles,2005,0
King County Metro,Ferry,Transit Revenue-Miles,2006,0
King County Metro,Ferry,Transit Revenue-Miles,2007,0
King County Metro,Ferry,Transit Revenue-Miles,2008,0
King County Metro,Ferry,Transit Revenue-Miles,2009,0
King County Metro,Ferry,Transit Revenue-Miles,2010,10792
King County Metro,Ferry,Transit Revenue-Miles,2011,14184
King County Metro,Ferry,Transit Revenue-Miles,2012,14942
King County Metro,Ferry,Transit Revenue-Miles,2013,15070
King County Metro,Ferry,Transit Revenue-Miles,2014,14676
King County Metro,Ferry,Transit Revenue-Miles,2015,15182
King County Metro,Ferry,Transit Revenue-Miles,2016,15266
King County Metro,Ferry,Transit Revenue-Miles,2017,14648
King County Metro,Ferry,Transit Revenue-Miles,2018,15056
King County Metro,Ferry,Transit Revenue-Miles,2019,18804
King County Metro,Ferry,Transit Revenue-Miles,2020,11988
King County Metro,Ferry,Transit Revenue-Miles,2021,14376
King County Metro,Ferry,Transit Revenue-Miles,2022,16804
King County Metro,Ferry,Transit Revenue-Miles,2023,16788
King County Metro,"Light Rail, Streetcar & Monorail",Transit Boardings,2002,74415
King County Metro,"Light Rail, Streetcar & Monorail",Transit Boardings,2003,79340
King County Metro,"Light Rail, Streetcar & Monorail",Transit Boardings,2004,87647
King County Metro,"Light Rail, Streetcar & Monorail",Transit Boardings,2005,86100
King County Metro,"Light Rail, Streetcar & Monorail",Transit Boardings,2006,0
King County Metro,"Light Rail, Streetcar & Monorail",Transit Boardings,2007,0
King County Metro,"Light Rail, Streetcar & Monorail",Transit Boardings,2008,110382
King County Metro,"Light Rail, Streetcar & Monorail",Transit Boardings,2009,128199
King County Metro,"Light Rail, Streetcar & Monorail",Transit Boardings,2010,139925
King County Metro,"Light Rail, Streetcar & Monorail",Transit Boardings,2011,192255
King County Metro,"Light Rail, Streetcar & Monorail",Transit Boardings,2012,224981
King County Metro,"Light Rail, Streetcar & Monorail",Transit Boardings,2013,244019
King County Metro,"Light Rail, Streetcar & Monorail",Transit Boardings,2014,223599
King County Metro,"Light Rail, Streetcar & Monorail",Transit Boardings,2015,207609
King County Metro,"Light Rail, Streetcar & Monorail",Transit Boardings,2016,334532
King County Metro,"Light Rail, Streetcar & Monorail",Transit Boardings,2017,435804
King County Metro,"Light Rail, Streetcar & Monorail",Transit Boardings,2018,501244
King County Metro,"Light Rail, Streetcar & Monorail",Transit Boardings,2019,590500
King County Metro,"Light Rail, Streetcar & Monorail",Transit Boardings,2020,417730
King County Metro,"Light Rail, Streetcar & Monorail",Transit Boardings,2021,221554
King County Metro,"Light Rail, Streetcar & Monorail",Transit Boardings,2022,359031
King County Metro,"Light Rail, Streetcar & Monorail",Transit Boardings,2023,393636
King County Metro,"Light Rail, Streetcar & Monorail",Transit Revenue-Hours,2002,3066
King County Metro,"Light Rail, Streetcar & Monorail",Transit Revenue-Hours,2003,3592
King County Metro,"Light Rail, Streetcar & Monorail",Transit Revenue-Hours,2004,3273
King County Metro,"Light Rail, Streetcar & Monorail",Transit Revenue-Hours,2005,3245
King County Metro,"Light Rail, Streetcar & Monorail",Transit Revenue-Hours,2006,0
King County Metro,"Light Rail, Streetcar & Monorail",Transit Revenue-Hours,2007,0
King County Metro,"Light Rail, Streetcar & Monorail",Transit Revenue-Hours,2008,3707
King County Metro,"Light Rail, Streetcar & Monorail",Transit Revenue-Hours,2009,3694
King County Metro,"Light Rail, Streetcar & Monorail",Transit Revenue-Hours,2010,3687
King County Metro,"Light Rail, Streetcar & Monorail",Transit Revenue-Hours,2011,3697
King County Metro,"Light Rail, Streetcar & Monorail",Transit Revenue-Hours,2012,3780
King County Metro,"Light Rail, Streetcar & Monorail",Transit Revenue-Hours,2013,3953
King County Metro,"Light Rail, Streetcar & Monorail",Transit Revenue-Hours,2014,4027
King County Metro,"Light Rail, Streetcar & Monorail",Transit Revenue-Hours,2015,4019
King County Metro,"Light Rail, Streetcar & Monorail",Transit Revenue-Hours,2016,10900
King County Metro,"Light Rail, Streetcar & Monorail",Transit Revenue-Hours,2017,12376
King County Metro,"Light Rail, Streetcar & Monorail",Transit Revenue-Hours,2018,14004
King County Metro,"Light Rail, Streetcar & Monorail",Transit Revenue-Hours,2019,13849
King County Metro,"Light Rail, Streetcar & Monorail",Transit Revenue-Hours,2020,11325
King County Metro,"Light Rail, Streetcar & Monorail",Transit Revenue-Hours,2021,11358
King County Metro,"Light Rail, Streetcar & Monorail",Transit Revenue-Hours,2022,11920
King County Metro,"Light Rail, Streetcar & Monorail",Transit Revenue-Hours,2023,10134
King County Metro,"Light Rail, Streetcar & Monorail",Transit Revenue-Miles,2002,11045
King County Metro,"Light Rail, Streetcar & Monorail",Transit Revenue-Miles,2003,12402
King County Metro,"Light Rail, Streetcar & Monorail",Transit Revenue-Miles,2004,12604
King County Metro,"Light Rail, Streetcar & Monorail",Transit Revenue-Miles,2005,12493
King County Metro,"Light Rail, Streetcar & Monorail",Transit Revenue-Miles,2006,0
King County Metro,"Light Rail, Streetcar & Monorail",Transit Revenue-Miles,2007,0
King County Metro,"Light Rail, Streetcar & Monorail",Transit Revenue-Miles,2008,19042
King County Metro,"Light Rail, Streetcar & Monorail",Transit Revenue-Miles,2009,19825
King County Metro,"Light Rail, Streetcar & Monorail",Transit Revenue-Miles,2010,19785
King County Metro,"Light Rail, Streetcar & Monorail",Transit Revenue-Miles,2011,19830
King County Metro,"Light Rail, Streetcar & Monorail",Transit Revenue-Miles,2012,19839
King County Metro,"Light Rail, Streetcar & Monorail",Transit Revenue-Miles,2013,20980
King County Metro,"Light Rail, Streetcar & Monorail",Transit Revenue-Miles,2014,20382
King County Metro,"Light Rail, Streetcar & Monorail",Transit Revenue-Miles,2015,19866
King County Metro,"Light Rail, Streetcar & Monorail",Transit Revenue-Miles,2016,52905
King County Metro,"Light Rail, Streetcar & Monorail",Transit Revenue-Miles,2017,59389
King County Metro,"Light Rail, Streetcar & Monorail",Transit Revenue-Miles,2018,68196
King County Metro,"Light Rail, Streetcar & Monorail",Transit Revenue-Miles,2019,66590
King County Metro,"Light Rail, Streetcar & Monorail",Transit Revenue-Miles,2020,56854
King County Metro,"Light Rail, Streetcar & Monorail",Transit Revenue-Miles,2021,58555
King County Metro,"Light Rail, Streetcar & Monorail",Transit Revenue-Miles,2022,57619
King County Metro,"Light Rail, Streetcar & Monorail",Transit Revenue-Miles,2023,51756
King County Metro,Vanpool,Transit Boardings,2002,646619
King County Metro,Vanpool,Transit Boardings,2003,604764
King County Metro,Vanpool,Transit Boardings,2004,580253
King County Metro,Vanpool,Transit Boardings,2005,583821
King County Metro,Vanpool,Transit Boardings,2006,601386
King County Metro,Vanpool,Transit Boardings,2007,725554
King County Metro,Vanpool,Transit Boardings,2008,852377
King County Metro,Vanpool,Transit Boardings,2009,1090714
King County Metro,Vanpool,Transit Boardings,2010,1007577
King County Metro,Vanpool,Transit Boardings,2011,981949
King County Metro,Vanpool,Transit Boardings,2012,1160015
King County Metro,Vanpool,Transit Boardings,2013,1153202
King County Metro,Vanpool,Transit Boardings,2014,1156604
King County Metro,Vanpool,Transit Boardings,2015,1133694
King County Metro,Vanpool,Transit Boardings,2016,1154319
King County Metro,Vanpool,Transit Boardings,2017,1166347
King County Metro,Vanpool,Transit Boardings,2018,1159945
King County Metro,Vanpool,Transit Boardings,2019,1078858
King County Metro,Vanpool,Transit Boardings,2020,816262
King County Metro,Vanpool,Transit Boardings,2021,155375
King County Metro,Vanpool,Transit Boardings,2022,203613
King County Metro,Vanpool,Transit Boardings,2023,322069
King County Metro,Vanpool,Transit Revenue-Hours,2002,96768
King County Metro,Vanpool,Transit Revenue-Hours,2003,91687
King County Metro,Vanpool,Transit Revenue-Hours,2004,80958
King County Metro,Vanpool,Transit Revenue-Hours,2005,85238
King County Metro,Vanpool,Transit Revenue-Hours,2006,89761
King County Metro,Vanpool,Transit Revenue-Hours,2007,102726
King County Metro,Vanpool,Transit Revenue-Hours,2008,107130
King County Metro,Vanpool,Transit Revenue-Hours,2009,121179
King County Metro,Vanpool,Transit Revenue-Hours,2010,100158
King County Metro,Vanpool,Transit Revenue-Hours,2011,106161
King County Metro,Vanpool,Transit Revenue-Hours,2012,126194
King County Metro,Vanpool,Transit Revenue-Hours,2013,129367
King County Metro,Vanpool,Transit Revenue-Hours,2014,168969
King County Metro,Vanpool,Transit Revenue-Hours,2015,172642
King County Metro,Vanpool,Transit Revenue-Hours,2016,180903
King County Metro,Vanpool,Transit Revenue-Hours,2017,186713
King County Metro,Vanpool,Transit Revenue-Hours,2018,196107
King County Metro,Vanpool,Transit Revenue-Hours,2019,172511
King County Metro,Vanpool,Transit Revenue-Hours,2020,87278
King County Metro,Vanpool,Transit Revenue-Hours,2021,31315
King County Metro,Vanpool,Transit Revenue-Hours,2022,39825
King County Metro,Vanpool,Transit Revenue-Hours,2023,60560
King County Metro,Vanpool,Transit Revenue-Miles,2002,3311467
King County Metro,Vanpool,Transit Revenue-Miles,2003,3213569
King County Metro,Vanpool,Transit Revenue-Miles,2004,2910615
King County Metro,Vanpool,Transit Revenue-Miles,2005,3030466
King County Metro,Vanpool,Transit Revenue-Miles,2006,3042085
King County Metro,Vanpool,Transit Revenue-Miles,2007,3450781
King County Metro,Vanpool,Transit Revenue-Miles,2008,3680222
King County Metro,Vanpool,Transit Revenue-Miles,2009,4119119
King County Metro,Vanpool,Transit Revenue-Miles,2010,3860618
King County Metro,Vanpool,Transit Revenue-Miles,2011,3976265
King County Metro,Vanpool,Transit Revenue-Miles,2012,4587246
King County Metro,Vanpool,Transit Revenue-Miles,2013,4676523
King County Metro,Vanpool,Transit Revenue-Miles,2014,4900103
King County Metro,Vanpool,Transit Revenue-Miles,2015,4947972
King County Metro,Vanpool,Transit Revenue-Miles,2016,4961067
King County Metro,Vanpool,Transit Revenue-Miles,2017,5038342
King County Metro,Vanpool,Transit Revenue-Miles,2018,5095068
King County Metro,Vanpool,Transit Revenue-Miles,2019,4777372
King County Metro,Vanpool,Transit Revenue-Miles,2020,3132406
King County Metro,Vanpool,Transit Revenue-Miles,2021,1003432
King County Metro,Vanpool,Transit Revenue-Miles,2022,1248894
King County Metro,Vanpool,Transit Revenue-Miles,2023,1903109
Kitsap Transit,Bus,Transit Boardings,2002,1257951
Kitsap Transit,Bus,Transit Boardings,2003,1339317
Kitsap Transit,Bus,Transit Boardings,2004,1405818
Kitsap Transit,Bus,Transit Boardings,2005,1350050
Kitsap Transit,Bus,Transit Boardings,2006,1324720
Kitsap Transit,Bus,Transit Boardings,2007,1275495
Kitsap Transit,Bus,Transit Boardings,2008,1348630
Kitsap Transit,Bus,Transit Boardings,2009,1276876
Kitsap Transit,Bus,Transit Boardings,2010,1004520
Kitsap Transit,Bus,Transit Boardings,2011,1002995
Kitsap Transit,Bus,Transit Boardings,2012,986609
Kitsap Transit,Bus,Transit Boardings,2013,1030590
Kitsap Transit,Bus,Transit Boardings,2014,965060
Kitsap Transit,Bus,Transit Boardings,2015,964861
Kitsap Transit,Bus,Transit Boardings,2016,900760
Kitsap Transit,Bus,Transit Boardings,2017,855581
Kitsap Transit,Bus,Transit Boardings,2018,856529
Kitsap Transit,Bus,Transit Boardings,2019,779438
Kitsap Transit,Bus,Transit Boardings,2020,585716
Kitsap Transit,Bus,Transit Boardings,2021,299922
Kitsap Transit,Bus,Transit Boardings,2022,345970
Kitsap Transit,Bus,Transit Boardings,2023,419508
Kitsap Transit,Bus,Transit Revenue-Hours,2002,42507
Kitsap Transit,Bus,Transit Revenue-Hours,2003,47689
Kitsap Transit,Bus,Transit Revenue-Hours,2004,48639
Kitsap Transit,Bus,Transit Revenue-Hours,2005,48225
Kitsap Transit,Bus,Transit Revenue-Hours,2006,44232
Kitsap Transit,Bus,Transit Revenue-Hours,2007,44400
Kitsap Transit,Bus,Transit Revenue-Hours,2008,43606
Kitsap Transit,Bus,Transit Revenue-Hours,2009,40411
Kitsap Transit,Bus,Transit Revenue-Hours,2010,35326
Kitsap Transit,Bus,Transit Revenue-Hours,2011,35962
Kitsap Transit,Bus,Transit Revenue-Hours,2012,35802
Kitsap Transit,Bus,Transit Revenue-Hours,2013,35790
Kitsap Transit,Bus,Transit Revenue-Hours,2014,41869
Kitsap Transit,Bus,Transit Revenue-Hours,2015,42286
Kitsap Transit,Bus,Transit Revenue-Hours,2016,41694
Kitsap Transit,Bus,Transit Revenue-Hours,2017,41280
Kitsap Transit,Bus,Transit Revenue-Hours,2018,44100
Kitsap Transit,Bus,Transit Revenue-Hours,2019,48276
Kitsap Transit,Bus,Transit Revenue-Hours,2020,47183
Kitsap Transit,Bus,Transit Revenue-Hours,2021,38072
Kitsap Transit,Bus,Transit Revenue-Hours,2022,35412
Kitsap Transit,Bus,Transit Revenue-Hours,2023,39680
Kitsap Transit,Bus,Transit Revenue-Miles,2002,721707
Kitsap Transit,Bus,Transit Revenue-Miles,2003,833701
Kitsap Transit,Bus,Transit Revenue-Miles,2004,855923
Kitsap Transit,Bus,Transit Revenue-Miles,2005,870856
Kitsap Transit,Bus,Transit Revenue-Miles,2006,814026
Kitsap Transit,Bus,Transit Revenue-Miles,2007,814290
Kitsap Transit,Bus,Transit Revenue-Miles,2008,799360
Kitsap Transit,Bus,Transit Revenue-Miles,2009,742296
Kitsap Transit,Bus,Transit Revenue-Miles,2010,660654
Kitsap Transit,Bus,Transit Revenue-Miles,2011,648944
Kitsap Transit,Bus,Transit Revenue-Miles,2012,648498
Kitsap Transit,Bus,Transit Revenue-Miles,2013,663585
Kitsap Transit,Bus,Transit Revenue-Miles,2014,649738
Kitsap Transit,Bus,Transit Revenue-Miles,2015,656006
Kitsap Transit,Bus,Transit Revenue-Miles,2016,694143
Kitsap Transit,Bus,Transit Revenue-Miles,2017,680655
Kitsap Transit,Bus,Transit Revenue-Miles,2018,717687
Kitsap Transit,Bus,Transit Revenue-Miles,2019,757221
Kitsap Transit,Bus,Transit Revenue-Miles,2020,826750
Kitsap Transit,Bus,Transit Revenue-Miles,2021,652686
Kitsap Transit,Bus,Transit Revenue-Miles,2022,706936
Kitsap Transit,Bus,Transit Revenue-Miles,2023,755872
Kitsap Transit,Ferry,Transit Boardings,2002,95916
Kitsap Transit,Ferry,Transit Boardings,2003,110742
Kitsap Transit,Ferry,Transit Boardings,2004,117414
Kitsap Transit,Ferry,Transit Boardings,2005,139114
Kitsap Transit,Ferry,Transit Boardings,2006,141806
Kitsap Transit,Ferry,Transit Boardings,2007,143287
Kitsap Transit,Ferry,Transit Boardings,2008,164032
Kitsap Transit,Ferry,Transit Boardings,2009,154807
Kitsap Transit,Ferry,Transit Boardings,2010,146422
Kitsap Transit,Ferry,Transit Boardings,2011,146767
Kitsap Transit,Ferry,Transit Boardings,2012,140551
Kitsap Transit,Ferry,Transit Boardings,2013,151245
Kitsap Transit,Ferry,Transit Boardings,2014,147532
Kitsap Transit,Ferry,Transit Boardings,2015,155021
Kitsap Transit,Ferry,Transit Boardings,2016,158706
Kitsap Transit,Ferry,Transit Boardings,2017,154107
Kitsap Transit,Ferry,Transit Boardings,2018,257706
Kitsap Transit,Ferry,Transit Boardings,2019,316815
Kitsap Transit,Ferry,Transit Boardings,2020,230161
Kitsap Transit,Ferry,Transit Boardings,2021,131570
Kitsap Transit,Ferry,Transit Boardings,2022,212097
Kitsap Transit,Ferry,Transit Boardings,2023,308984
Kitsap Transit,Ferry,Transit Revenue-Hours,2002,0
Kitsap Transit,Ferry,Transit Revenue-Hours,2003,1891
Kitsap Transit,Ferry,Transit Revenue-Hours,2004,1900
Kitsap Transit,Ferry,Transit Revenue-Hours,2005,2168
Kitsap Transit,Ferry,Transit Revenue-Hours,2006,2157
Kitsap Transit,Ferry,Transit Revenue-Hours,2007,2146
Kitsap Transit,Ferry,Transit Revenue-Hours,2008,2241
Kitsap Transit,Ferry,Transit Revenue-Hours,2009,2036
Kitsap Transit,Ferry,Transit Revenue-Hours,2010,1973
Kitsap Transit,Ferry,Transit Revenue-Hours,2011,1972
Kitsap Transit,Ferry,Transit Revenue-Hours,2012,2113
Kitsap Transit,Ferry,Transit Revenue-Hours,2013,2146
Kitsap Transit,Ferry,Transit Revenue-Hours,2014,2001
Kitsap Transit,Ferry,Transit Revenue-Hours,2015,1972
Kitsap Transit,Ferry,Transit Revenue-Hours,2016,2043
Kitsap Transit,Ferry,Transit Revenue-Hours,2017,1951
Kitsap Transit,Ferry,Transit Revenue-Hours,2018,2817
Kitsap Transit,Ferry,Transit Revenue-Hours,2019,3618
Kitsap Transit,Ferry,Transit Revenue-Hours,2020,3926
Kitsap Transit,Ferry,Transit Revenue-Hours,2021,4059
Kitsap Transit,Ferry,Transit Revenue-Hours,2022,4626
Kitsap Transit,Ferry,Transit Revenue-Hours,2023,4902
Kitsap Transit,Ferry,Transit Revenue-Miles,2002,0
Kitsap Transit,Ferry,Transit Revenue-Miles,2003,12813
Kitsap Transit,Ferry,Transit Revenue-Miles,2004,14604
Kitsap Transit,Ferry,Transit Revenue-Miles,2005,17272
Kitsap Transit,Ferry,Transit Revenue-Miles,2006,17098
Kitsap Transit,Ferry,Transit Revenue-Miles,2007,17070
Kitsap Transit,Ferry,Transit Revenue-Miles,2008,13807
Kitsap Transit,Ferry,Transit Revenue-Miles,2009,15262
Kitsap Transit,Ferry,Transit Revenue-Miles,2010,14892
Kitsap Transit,Ferry,Transit Revenue-Miles,2011,14892
Kitsap Transit,Ferry,Transit Revenue-Miles,2012,15945
Kitsap Transit,Ferry,Transit Revenue-Miles,2013,16051
Kitsap Transit,Ferry,Transit Revenue-Miles,2014,15063
Kitsap Transit,Ferry,Transit Revenue-Miles,2015,14849
Kitsap Transit,Ferry,Transit Revenue-Miles,2016,14935
Kitsap Transit,Ferry,Transit Revenue-Miles,2017,15813
Kitsap Transit,Ferry,Transit Revenue-Miles,2018,34425
Kitsap Transit,Ferry,Transit Revenue-Miles,2019,51082
Kitsap Transit,Ferry,Transit Revenue-Miles,2020,58829
Kitsap Transit,Ferry,Transit Revenue-Miles,2021,69841
Kitsap Transit,Ferry,Transit Revenue-Miles,2022,80274
Kitsap Transit,Ferry,Transit Revenue-Miles,2023,86751
Kitsap Transit,Vanpool,Transit Boardings,2002,59780
Kitsap Transit,Vanpool,Transit Boardings,2003,65883
Kitsap Transit,Vanpool,Transit Boardings,2004,79279
Kitsap Transit,Vanpool,Transit Boardings,2005,94083
Kitsap Transit,Vanpool,Transit Boardings,2006,102766
Kitsap Transit,Vanpool,Transit Boardings,2007,101549
Kitsap Transit,Vanpool,Transit Boardings,2008,101427
Kitsap Transit,Vanpool,Transit Boardings,2009,105466
Kitsap Transit,Vanpool,Transit Boardings,2010,94464
Kitsap Transit,Vanpool,Transit Boardings,2011,87015
Kitsap Transit,Vanpool,Transit Boardings,2012,88093
Kitsap Transit,Vanpool,Transit Boardings,2013,78509
Kitsap Transit,Vanpool,Transit Boardings,2014,83001
Kitsap Transit,Vanpool,Transit Boardings,2015,73070
Kitsap Transit,Vanpool,Transit Boardings,2016,63476
Kitsap Transit,Vanpool,Transit Boardings,2017,56065
Kitsap Transit,Vanpool,Transit Boardings,2018,58480
Kitsap Transit,Vanpool,Transit Boardings,2019,53157
Kitsap Transit,Vanpool,Transit Boardings,2020,37315
Kitsap Transit,Vanpool,Transit Boardings,2021,21300
Kitsap Transit,Vanpool,Transit Boardings,2022,23690
Kitsap Transit,Vanpool,Transit Boardings,2023,27119
Kitsap Transit,Vanpool,Transit Revenue-Hours,2002,6443
Kitsap Transit,Vanpool,Transit Revenue-Hours,2003,9593
Kitsap Transit,Vanpool,Transit Revenue-Hours,2004,12863
Kitsap Transit,Vanpool,Transit Revenue-Hours,2005,14898
Kitsap Transit,Vanpool,Transit Revenue-Hours,2006,50407
Kitsap Transit,Vanpool,Transit Revenue-Hours,2007,15143
Kitsap Transit,Vanpool,Transit Revenue-Hours,2008,14537
Kitsap Transit,Vanpool,Transit Revenue-Hours,2009,14773
Kitsap Transit,Vanpool,Transit Revenue-Hours,2010,13513
Kitsap Transit,Vanpool,Transit Revenue-Hours,2011,11590
Kitsap Transit,Vanpool,Transit Revenue-Hours,2012,11860
Kitsap Transit,Vanpool,Transit Revenue-Hours,2013,10570
Kitsap Transit,Vanpool,Transit Revenue-Hours,2014,11685
Kitsap Transit,Vanpool,Transit Revenue-Hours,2015,10810
Kitsap Transit,Vanpool,Transit Revenue-Hours,2016,8706
Kitsap Transit,Vanpool,Transit Revenue-Hours,2017,7883
Kitsap Transit,Vanpool,Transit Revenue-Hours,2018,9170
Kitsap Transit,Vanpool,Transit Revenue-Hours,2019,7912
Kitsap Transit,Vanpool,Transit Revenue-Hours,2020,5587
Kitsap Transit,Vanpool,Transit Revenue-Hours,2021,3955
Kitsap Transit,Vanpool,Transit Revenue-Hours,2022,5274
Kitsap Transit,Vanpool,Transit Revenue-Hours,2023,6144
Kitsap Transit,Vanpool,Transit Revenue-Miles,2002,205061
Kitsap Transit,Vanpool,Transit Revenue-Miles,2003,277785
Kitsap Transit,Vanpool,Transit Revenue-Miles,2004,357079
Kitsap Transit,Vanpool,Transit Revenue-Miles,2005,391409
Kitsap Transit,Vanpool,Transit Revenue-Miles,2006,470352
Kitsap Transit,Vanpool,Transit Revenue-Miles,2007,448621
Kitsap Transit,Vanpool,Transit Revenue-Miles,2008,450253
Kitsap Transit,Vanpool,Transit Revenue-Miles,2009,441564
Kitsap Transit,Vanpool,Transit Revenue-Miles,2010,413046
Kitsap Transit,Vanpool,Transit Revenue-Miles,2011,362738
Kitsap Transit,Vanpool,Transit Revenue-Miles,2012,370532
Kitsap Transit,Vanpool,Transit Revenue-Miles,2013,336642
Kitsap Transit,Vanpool,Transit Revenue-Miles,2014,356108
Kitsap Transit,Vanpool,Transit Revenue-Miles,2015,339222
Kitsap Transit,Vanpool,Transit Revenue-Miles,2016,289197
Kitsap Transit,Vanpool,Transit Revenue-Miles,2017,260121
Kitsap Transit,Vanpool,Transit Revenue-Miles,2018,275104
Kitsap Transit,Vanpool,Transit Revenue-Miles,2019,237176
Kitsap Transit,Vanpool,Transit Revenue-Miles,2020,167619
Kitsap Transit,Vanpool,Transit Revenue-Miles,2021,118652
Kitsap Transit,Vanpool,Transit Revenue-Miles,2022,158228
Kitsap Transit,Vanpool,Transit Revenue-Miles,2023,184312
Pierce Transit,Bus,Transit Boardings,2002,4273849
Pierce Transit,Bus,Transit Boardings,2003,4438908
Pierce Transit,Bus,Transit Boardings,2004,4636366
Pierce Transit,Bus,Transit Boardings,2005,3976703
Pierce Transit,Bus,Transit Boardings,2006,4108683
Pierce Transit,Bus,Transit Boardings,2007,4281882
Pierce Transit,Bus,Transit Boardings,2008,4761739
Pierce Transit,Bus,Transit Boardings,2009,4822022
Pierce Transit,Bus,Transit Boardings,2010,4750875
Pierce Transit,Bus,Transit Boardings,2011,4480483
Pierce Transit,Bus,Transit Boardings,2012,3564168
Pierce Transit,Bus,Transit Boardings,2013,3517598
Pierce Transit,Bus,Transit Boardings,2014,3497713
Pierce Transit,Bus,Transit Boardings,2015,3143499
Pierce Transit,Bus,Transit Boardings,2016,2924963
Pierce Transit,Bus,Transit Boardings,2017,2784141
Pierce Transit,Bus,Transit Boardings,2018,2881413
Pierce Transit,Bus,Transit Boardings,2019,2773299
Pierce Transit,Bus,Transit Boardings,2020,2084144
Pierce Transit,Bus,Transit Boardings,2021,1345132
Pierce Transit,Bus,Transit Boardings,2022,1535008
Pierce Transit,Bus,Transit Boardings,2023,2012726
Pierce Transit,Bus,Transit Revenue-Hours,2002,186914
Pierce Transit,Bus,Transit Revenue-Hours,2003,213555
Pierce Transit,Bus,Transit Revenue-Hours,2004,222488
Pierce Transit,Bus,Transit Revenue-Hours,2005,168244
Pierce Transit,Bus,Transit Revenue-Hours,2006,177958
Pierce Transit,Bus,Transit Revenue-Hours,2007,184975
Pierce Transit,Bus,Transit Revenue-Hours,2008,198705
Pierce Transit,Bus,Transit Revenue-Hours,2009,188616
Pierce Transit,Bus,Transit Revenue-Hours,2010,188517
Pierce Transit,Bus,Transit Revenue-Hours,2011,168103
Pierce Transit,Bus,Transit Revenue-Hours,2012,125813
Pierce Transit,Bus,Transit Revenue-Hours,2013,124885
Pierce Transit,Bus,Transit Revenue-Hours,2014,127479
Pierce Transit,Bus,Transit Revenue-Hours,2015,125035
Pierce Transit,Bus,Transit Revenue-Hours,2016,129889
Pierce Transit,Bus,Transit Revenue-Hours,2017,135803
Pierce Transit,Bus,Transit Revenue-Hours,2018,145638
Pierce Transit,Bus,Transit Revenue-Hours,2019,146548
Pierce Transit,Bus,Transit Revenue-Hours,2020,138460
Pierce Transit,Bus,Transit Revenue-Hours,2021,137346
Pierce Transit,Bus,Transit Revenue-Hours,2022,124227
Pierce Transit,Bus,Transit Revenue-Hours,2023,125157
Pierce Transit,Bus,Transit Revenue-Miles,2002,2955685
Pierce Transit,Bus,Transit Revenue-Miles,2003,3233362
Pierce Transit,Bus,Transit Revenue-Miles,2004,3233963
Pierce Transit,Bus,Transit Revenue-Miles,2005,2222889
Pierce Transit,Bus,Transit Revenue-Miles,2006,2324862
Pierce Transit,Bus,Transit Revenue-Miles,2007,2358370
Pierce Transit,Bus,Transit Revenue-Miles,2008,2485679
Pierce Transit,Bus,Transit Revenue-Miles,2009,2460501
Pierce Transit,Bus,Transit Revenue-Miles,2010,2320164
Pierce Transit,Bus,Transit Revenue-Miles,2011,2099917
Pierce Transit,Bus,Transit Revenue-Miles,2012,1458550
Pierce Transit,Bus,Transit Revenue-Miles,2013,1418234
Pierce Transit,Bus,Transit Revenue-Miles,2014,1456908
Pierce Transit,Bus,Transit Revenue-Miles,2015,1414495
Pierce Transit,Bus,Transit Revenue-Miles,2016,1476712
Pierce Transit,Bus,Transit Revenue-Miles,2017,1539887
Pierce Transit,Bus,Transit Revenue-Miles,2018,1627118
Pierce Transit,Bus,Transit Revenue-Miles,2019,1638871
Pierce Transit,Bus,Transit Revenue-Miles,2020,1510754
Pierce Transit,Bus,Transit Revenue-Miles,2021,1525671
Pierce Transit,Bus,Transit Revenue-Miles,2022,1397303
Pierce Transit,Bus,Transit Revenue-Miles,2023,1386780
Pierce Transit,Vanpool,Transit Boardings,2002,209151
Pierce Transit,Vanpool,Transit Boardings,2003,219198
Pierce Transit,Vanpool,Transit Boardings,2004,228088
Pierce Transit,Vanpool,Transit Boardings,2005,246914
Pierce Transit,Vanpool,Transit Boardings,2006,275841
Pierce Transit,Vanpool,Transit Boardings,2007,260570
Pierce Transit,Vanpool,Transit Boardings,2008,293869
Pierce Transit,Vanpool,Transit Boardings,2009,291503
Pierce Transit,Vanpool,Transit Boardings,2010,290397
Pierce Transit,Vanpool,Transit Boardings,2011,290416
Pierce Transit,Vanpool,Transit Boardings,2012,295018
Pierce Transit,Vanpool,Transit Boardings,2013,316724
Pierce Transit,Vanpool,Transit Boardings,2014,315683
Pierce Transit,Vanpool,Transit Boardings,2015,294328
Pierce Transit,Vanpool,Transit Boardings,2016,288751
Pierce Transit,Vanpool,Transit Boardings,2017,275705
Pierce Transit,Vanpool,Transit Boardings,2018,275871
Pierce Transit,Vanpool,Transit Boardings,2019,254216
Pierce Transit,Vanpool,Transit Boardings,2020,177437
Pierce Transit,Vanpool,Transit Boardings,2021,107671
Pierce Transit,Vanpool,Transit Boardings,2022,125855
Pierce Transit,Vanpool,Transit Boardings,2023,124854
Pierce Transit,Vanpool,Transit Revenue-Hours,2002,23093
Pierce Transit,Vanpool,Transit Revenue-Hours,2003,24155
Pierce Transit,Vanpool,Transit Revenue-Hours,2004,32631
Pierce Transit,Vanpool,Transit Revenue-Hours,2005,34336
Pierce Transit,Vanpool,Transit Revenue-Hours,2006,37149
Pierce Transit,Vanpool,Transit Revenue-Hours,2007,46778
Pierce Transit,Vanpool,Transit Revenue-Hours,2008,49985
Pierce Transit,Vanpool,Transit Revenue-Hours,2009,44508
Pierce Transit,Vanpool,Transit Revenue-Hours,2010,46830
Pierce Transit,Vanpool,Transit Revenue-Hours,2011,46625
Pierce Transit,Vanpool,Transit Revenue-Hours,2012,45978
Pierce Transit,Vanpool,Transit Revenue-Hours,2013,48997
Pierce Transit,Vanpool,Transit Revenue-Hours,2014,47475
Pierce Transit,Vanpool,Transit Revenue-Hours,2015,48503
Pierce Transit,Vanpool,Transit Revenue-Hours,2016,48762
Pierce Transit,Vanpool,Transit Revenue-Hours,2017,50212
Pierce Transit,Vanpool,Transit Revenue-Hours,2018,50274
Pierce Transit,Vanpool,Transit Revenue-Hours,2019,46892
Pierce Transit,Vanpool,Transit Revenue-Hours,2020,33702
Pierce Transit,Vanpool,Transit Revenue-Hours,2021,24389
Pierce Transit,Vanpool,Transit Revenue-Hours,2022,26565
Pierce Transit,Vanpool,Transit Revenue-Hours,2023,31461
Pierce Transit,Vanpool,Transit Revenue-Miles,2002,1082987
Pierce Transit,Vanpool,Transit Revenue-Miles,2003,1128692
Pierce Transit,Vanpool,Transit Revenue-Miles,2004,1223616
Pierce Transit,Vanpool,Transit Revenue-Miles,2005,1287568
Pierce Transit,Vanpool,Transit Revenue-Miles,2006,1428799
Pierce Transit,Vanpool,Transit Revenue-Miles,2007,1368890
Pierce Transit,Vanpool,Transit Revenue-Miles,2008,1453039
Pierce Transit,Vanpool,Transit Revenue-Miles,2009,1479775
Pierce Transit,Vanpool,Transit Revenue-Miles,2010,1558340
Pierce Transit,Vanpool,Transit Revenue-Miles,2011,1547375
Pierce Transit,Vanpool,Transit Revenue-Miles,2012,1543382
Pierce Transit,Vanpool,Transit Revenue-Miles,2013,1655092
Pierce Transit,Vanpool,Transit Revenue-Miles,2014,1597967
Pierce Transit,Vanpool,Transit Revenue-Miles,2015,1550579
Pierce Transit,Vanpool,Transit Revenue-Miles,2016,1560717
Pierce Transit,Vanpool,Transit Revenue-Miles,2017,1606814
Pierce Transit,Vanpool,Transit Revenue-Miles,2018,1613410
Pierce Transit,Vanpool,Transit Revenue-Miles,2019,1510452
Pierce Transit,Vanpool,Transit Revenue-Miles,2020,1207180
Pierce Transit,Vanpool,Transit Revenue-Miles,2021,886634
Pierce Transit,Vanpool,Transit Revenue-Miles,2022,946040
Pierce Transit,Vanpool,Transit Revenue-Miles,2023,1099569
Region,Bus,Transit Boardings,2002,40178573
Region,Bus,Transit Boardings,2003,40333529
Region,Bus,Transit Boardings,2004,42077407
Region,Bus,Transit Boardings,2005,42264975
Region,Bus,Transit Boardings,2006,44656323
Region,Bus,Transit Boardings,2007,48061207
Region,Bus,Transit Boardings,2008,52455045
Region,Bus,Transit Boardings,2009,51866823
Region,Bus,Transit Boardings,2010,50150512
Region,Bus,Transit Boardings,2011,50267223
Region,Bus,Transit Boardings,2012,50735912
Region,Bus,Transit Boardings,2013,52142137
Region,Bus,Transit Boardings,2014,53360323
Region,Bus,Transit Boardings,2015,54034907
Region,Bus,Transit Boardings,2016,54366489
Region,Bus,Transit Boardings,2017,53407838
Region,Bus,Transit Boardings,2018,53956961
Region,Bus,Transit Boardings,2019,53125349
Region,Bus,Transit Boardings,2020,37944684
Region,Bus,Transit Boardings,2021,18491769
Region,Bus,Transit Boardings,2022,24690504
Region,Bus,Transit Boardings,2023,31017173
Region,Bus,Transit Revenue-Hours,2002,1378745
Region,Bus,Transit Revenue-Hours,2003,1437297
Region,Bus,Transit Revenue-Hours,2004,1479908
Region,Bus,Transit Revenue-Hours,2005,1324016
Region,Bus,Transit Revenue-Hours,2006,1535354
Region,Bus,Transit Revenue-Hours,2007,1572668
Region,Bus,Transit Revenue-Hours,2008,1655898
Region,Bus,Transit Revenue-Hours,2009,1641880
Region,Bus,Transit Revenue-Hours,2010,1657927
Region,Bus,Transit Revenue-Hours,2011,1606659
Region,Bus,Transit Revenue-Hours,2012,1554246
Region,Bus,Transit Revenue-Hours,2013,1544202
Region,Bus,Transit Revenue-Hours,2014,1565765
Region,Bus,Transit Revenue-Hours,2015,1556106
Region,Bus,Transit Revenue-Hours,2016,1681838
Region,Bus,Transit Revenue-Hours,2017,1717273
Region,Bus,Transit Revenue-Hours,2018,1775088
Region,Bus,Transit Revenue-Hours,2019,1816946
Region,Bus,Transit Revenue-Hours,2020,1706174
Region,Bus,Transit Revenue-Hours,2021,1650467
Region,Bus,Transit Revenue-Hours,2022,1602686
Region,Bus,Transit Revenue-Hours,2023,1544093
Region,Bus,Transit Revenue-Miles,2002,18971315
Region,Bus,Transit Revenue-Miles,2003,19883116
Region,Bus,Transit Revenue-Miles,2004,20677580
Region,Bus,Transit Revenue-Miles,2005,22973007
Region,Bus,Transit Revenue-Miles,2006,20551582
Region,Bus,Transit Revenue-Miles,2007,20796470
Region,Bus,Transit Revenue-Miles,2008,21694361
Region,Bus,Transit Revenue-Miles,2009,21646425
Region,Bus,Transit Revenue-Miles,2010,21952061
Region,Bus,Transit Revenue-Miles,2011,21493908
Region,Bus,Transit Revenue-Miles,2012,20568662
Region,Bus,Transit Revenue-Miles,2013,20243160
Region,Bus,Transit Revenue-Miles,2014,20249532
Region,Bus,Transit Revenue-Miles,2015,19945900
Region,Bus,Transit Revenue-Miles,2016,20868575
Region,Bus,Transit Revenue-Miles,2017,21143273
Region,Bus,Transit Revenue-Miles,2018,21673694
Region,Bus,Transit Revenue-Miles,2019,23872112
Region,Bus,Transit Revenue-Miles,2020,20532593
Region,Bus,Transit Revenue-Miles,2021,20015368
Region,Bus,Transit Revenue-Miles,2022,19474210
Region,Bus,Transit Revenue-Miles,2023,18625436
Region,Commuter Rail,Transit Boardings,2002,205517
Region,Commuter Rail,Transit Boardings,2003,238310
Region,Commuter Rail,Transit Boardings,2004,287103
Region,Commuter Rail,Transit Boardings,2005,335118
Region,Commuter Rail,Transit Boardings,2006,501187
Region,Commuter Rail,Transit Boardings,2007,629926
Region,Commuter Rail,Transit Boardings,2008,819056
Region,Commuter Rail,Transit Boardings,2009,826594
Region,Commuter Rail,Transit Boardings,2010,791568
Region,Commuter Rail,Transit Boardings,2011,775013
Region,Commuter Rail,Transit Boardings,2012,865953
Region,Commuter Rail,Transit Boardings,2013,940435
Region,Commuter Rail,Transit Boardings,2014,1043337
Region,Commuter Rail,Transit Boardings,2015,1227375
Region,Commuter Rail,Transit Boardings,2016,1411464
Region,Commuter Rail,Transit Boardings,2017,1416598
Region,Commuter Rail,Transit Boardings,2018,1536589
Region,Commuter Rail,Transit Boardings,2019,1520173
Region,Commuter Rail,Transit Boardings,2020,939291
Region,Commuter Rail,Transit Boardings,2021,189927
Region,Commuter Rail,Transit Boardings,2022,333739
Region,Commuter Rail,Transit Boardings,2023,538196
Region,Commuter Rail,Transit Revenue-Hours,2002,2214
Region,Commuter Rail,Transit Revenue-Hours,2003,3088
Region,Commuter Rail,Transit Revenue-Hours,2004,3913
Region,Commuter Rail,Transit Revenue-Hours,2005,4014
Region,Commuter Rail,Transit Revenue-Hours,2006,5041
Region,Commuter Rail,Transit Revenue-Hours,2007,5604
Region,Commuter Rail,Transit Revenue-Hours,2008,8095
Region,Commuter Rail,Transit Revenue-Hours,2009,10708
Region,Commuter Rail,Transit Revenue-Hours,2010,12504
Region,Commuter Rail,Transit Revenue-Hours,2011,12627
Region,Commuter Rail,Transit Revenue-Hours,2012,12472
Region,Commuter Rail,Transit Revenue-Hours,2013,14494
Region,Commuter Rail,Transit Revenue-Hours,2014,16444
Region,Commuter Rail,Transit Revenue-Hours,2015,19293
Region,Commuter Rail,Transit Revenue-Hours,2016,19277
Region,Commuter Rail,Transit Revenue-Hours,2017,19568
Region,Commuter Rail,Transit Revenue-Hours,2018,25105
Region,Commuter Rail,Transit Revenue-Hours,2019,25207
Region,Commuter Rail,Transit Revenue-Hours,2020,21730
Region,Commuter Rail,Transit Revenue-Hours,2021,16706
Region,Commuter Rail,Transit Revenue-Hours,2022,19216
Region,Commuter Rail,Transit Revenue-Hours,2023,17317
Region,Commuter Rail,Transit Revenue-Miles,2002,87010
Region,Commuter Rail,Transit Revenue-Miles,2003,121356
Region,Commuter Rail,Transit Revenue-Miles,2004,144733
Region,Commuter Rail,Transit Revenue-Miles,2005,150625
Region,Commuter Rail,Transit Revenue-Miles,2006,194121
Region,Commuter Rail,Transit Revenue-Miles,2007,215646
Region,Commuter Rail,Transit Revenue-Miles,2008,311329
Region,Commuter Rail,Transit Revenue-Miles,2009,418956
Region,Commuter Rail,Transit Revenue-Miles,2010,489701
Region,Commuter Rail,Transit Revenue-Miles,2011,490808
Region,Commuter Rail,Transit Revenue-Miles,2012,479172
Region,Commuter Rail,Transit Revenue-Miles,2013,533265
Region,Commuter Rail,Transit Revenue-Miles,2014,525040
Region,Commuter Rail,Transit Revenue-Miles,2015,587056
Region,Commuter Rail,Transit Revenue-Miles,2016,584436
Region,Commuter Rail,Transit Revenue-Miles,2017,583616
Region,Commuter Rail,Transit Revenue-Miles,2018,741438
Region,Commuter Rail,Transit Revenue-Miles,2019,745192
Region,Commuter Rail,Transit Revenue-Miles,2020,644855
Region,Commuter Rail,Transit Revenue-Miles,2021,513321
Region,Commuter Rail,Transit Revenue-Miles,2022,602676
Region,Commuter Rail,Transit Revenue-Miles,2023,530086
Region,Ferry,Transit Boardings,2002,7595008
Region,Ferry,Transit Boardings,2003,7145709
Region,Ferry,Transit Boardings,2004,7252474
Region,Ferry,Transit Boardings,2005,7111827
Region,Ferry,Transit Boardings,2006,7073575
Region,Ferry,Transit Boardings,2007,6867552
Region,Ferry,Transit Boardings,2008,6853371
Region,Ferry,Transit Boardings,2009,6825517
Region,Ferry,Transit Boardings,2010,6725814
Region,Ferry,Transit Boardings,2011,6604304
Region,Ferry,Transit Boardings,2012,6563416
Region,Ferry,Transit Boardings,2013,6659083
Region,Ferry,Transit Boardings,2014,6805683
Region,Ferry,Transit Boardings,2015,7110067
Region,Ferry,Transit Boardings,2016,7349004
Region,Ferry,Transit Boardings,2017,7221332
Region,Ferry,Transit Boardings,2018,7411417
Region,Ferry,Transit Boardings,2019,7234060
Region,Ferry,Transit Boardings,2020,4923825
Region,Ferry,Transit Boardings,2021,4751912
Region,Ferry,Transit Boardings,2022,4964683
Region,Ferry,Transit Boardings,2023,5636694
Region,Ferry,Transit Revenue-Hours,2002,44208
Region,Ferry,Transit Revenue-Hours,2003,45583
Region,Ferry,Transit Revenue-Hours,2004,43230
Region,Ferry,Transit Revenue-Hours,2005,43091
Region,Ferry,Transit Revenue-Hours,2006,42624
Region,Ferry,Transit Revenue-Hours,2007,42698
Region,Ferry,Transit Revenue-Hours,2008,42397
Region,Ferry,Transit Revenue-Hours,2009,42125
Region,Ferry,Transit Revenue-Hours,2010,43134
Region,Ferry,Transit Revenue-Hours,2011,43336
Region,Ferry,Transit Revenue-Hours,2012,43868
Region,Ferry,Transit Revenue-Hours,2013,43546
Region,Ferry,Transit Revenue-Hours,2014,43426
Region,Ferry,Transit Revenue-Hours,2015,43487
Region,Ferry,Transit Revenue-Hours,2016,43690
Region,Ferry,Transit Revenue-Hours,2017,43424
Region,Ferry,Transit Revenue-Hours,2018,44282
Region,Ferry,Transit Revenue-Hours,2019,46193
Region,Ferry,Transit Revenue-Hours,2020,42982
Region,Ferry,Transit Revenue-Hours,2021,41913
Region,Ferry,Transit Revenue-Hours,2022,38868
Region,Ferry,Transit Revenue-Hours,2023,42280
Region,Ferry,Transit Revenue-Miles,2002,344352
Region,Ferry,Transit Revenue-Miles,2003,354205
Region,Ferry,Transit Revenue-Miles,2004,313747
Region,Ferry,Transit Revenue-Miles,2005,316259
Region,Ferry,Transit Revenue-Miles,2006,306716
Region,Ferry,Transit Revenue-Miles,2007,305620
Region,Ferry,Transit Revenue-Miles,2008,301120
Region,Ferry,Transit Revenue-Miles,2009,300671
Region,Ferry,Transit Revenue-Miles,2010,311020
Region,Ferry,Transit Revenue-Miles,2011,316856
Region,Ferry,Transit Revenue-Miles,2012,318835
Region,Ferry,Transit Revenue-Miles,2013,316098
Region,Ferry,Transit Revenue-Miles,2014,315012
Region,Ferry,Transit Revenue-Miles,2015,316334
Region,Ferry,Transit Revenue-Miles,2016,317440
Region,Ferry,Transit Revenue-Miles,2017,316609
Region,Ferry,Transit Revenue-Miles,2018,334586
Region,Ferry,Transit Revenue-Miles,2019,355881
Region,Ferry,Transit Revenue-Miles,2020,337096
Region,Ferry,Transit Revenue-Miles,2021,345723
Region,Ferry,Transit Revenue-Miles,2022,322710
Region,Ferry,Transit Revenue-Miles,2023,350514
Region,"Light Rail, Streetcar & Monorail",Transit Boardings,2002,484275
Region,"Light Rail, Streetcar & Monorail",Transit Boardings,2003,561813
Region,"Light Rail, Streetcar & Monorail",Transit Boardings,2004,833321
Region,"Light Rail, Streetcar & Monorail",Transit Boardings,2005,702848
Region,"Light Rail, Streetcar & Monorail",Transit Boardings,2006,297685
Region,"Light Rail, Streetcar & Monorail",Transit Boardings,2007,608381
Region,"Light Rail, Streetcar & Monorail",Transit Boardings,2008,760308
Region,"Light Rail, Streetcar & Monorail",Transit Boardings,2009,773281
Region,"Light Rail, Streetcar & Monorail",Transit Boardings,2010,2738891
Region,"Light Rail, Streetcar & Monorail",Transit Boardings,2011,3136601
Region,"Light Rail, Streetcar & Monorail",Transit Boardings,2012,3454191
Region,"Light Rail, Streetcar & Monorail",Transit Boardings,2013,3807659
Region,"Light Rail, Streetcar & Monorail",Transit Boardings,2014,4209656
Region,"Light Rail, Streetcar & Monorail",Transit Boardings,2015,4407438
Region,"Light Rail, Streetcar & Monorail",Transit Boardings,2016,5827284
Region,"Light Rail, Streetcar & Monorail",Transit Boardings,2017,8230403
Region,"Light Rail, Streetcar & Monorail",Transit Boardings,2018,8598278
Region,"Light Rail, Streetcar & Monorail",Transit Boardings,2019,9889837
Region,"Light Rail, Streetcar & Monorail",Transit Boardings,2020,5568130
Region,"Light Rail, Streetcar & Monorail",Transit Boardings,2021,2283432
Region,"Light Rail, Streetcar & Monorail",Transit Boardings,2022,7328302
Region,"Light Rail, Streetcar & Monorail",Transit Boardings,2023,9518272
Region,"Light Rail, Streetcar & Monorail",Transit Revenue-Hours,2002,8566
Region,"Light Rail, Streetcar & Monorail",Transit Revenue-Hours,2003,10886
Region,"Light Rail, Streetcar & Monorail",Transit Revenue-Hours,2004,13710
Region,"Light Rail, Streetcar & Monorail",Transit Revenue-Hours,2005,10512
Region,"Light Rail, Streetcar & Monorail",Transit Revenue-Hours,2006,3315
Region,"Light Rail, Streetcar & Monorail",Transit Revenue-Hours,2007,7853
Region,"Light Rail, Streetcar & Monorail",Transit Revenue-Hours,2008,13357
Region,"Light Rail, Streetcar & Monorail",Transit Revenue-Hours,2009,12953
Region,"Light Rail, Streetcar & Monorail",Transit Revenue-Hours,2010,59856
Region,"Light Rail, Streetcar & Monorail",Transit Revenue-Hours,2011,52599
Region,"Light Rail, Streetcar & Monorail",Transit Revenue-Hours,2012,56045
Region,"Light Rail, Streetcar & Monorail",Transit Revenue-Hours,2013,58406
Region,"Light Rail, Streetcar & Monorail",Transit Revenue-Hours,2014,61236
Region,"Light Rail, Streetcar & Monorail",Transit Revenue-Hours,2015,60765
Region,"Light Rail, Streetcar & Monorail",Transit Revenue-Hours,2016,77814
Region,"Light Rail, Streetcar & Monorail",Transit Revenue-Hours,2017,99006
Region,"Light Rail, Streetcar & Monorail",Transit Revenue-Hours,2018,110524
Region,"Light Rail, Streetcar & Monorail",Transit Revenue-Hours,2019,110212
Region,"Light Rail, Streetcar & Monorail",Transit Revenue-Hours,2020,102893
Region,"Light Rail, Streetcar & Monorail",Transit Revenue-Hours,2021,87913
Region,"Light Rail, Streetcar & Monorail",Transit Revenue-Hours,2022,154045
Region,"Light Rail, Streetcar & Monorail",Transit Revenue-Hours,2023,160605
Region,"Light Rail, Streetcar & Monorail",Transit Revenue-Miles,2002,70449
Region,"Light Rail, Streetcar & Monorail",Transit Revenue-Miles,2003,91204
Region,"Light Rail, Streetcar & Monorail",Transit Revenue-Miles,2004,123433
Region,"Light Rail, Streetcar & Monorail",Transit Revenue-Miles,2005,89730
Region,"Light Rail, Streetcar & Monorail",Transit Revenue-Miles,2006,31924
Region,"Light Rail, Streetcar & Monorail",Transit Revenue-Miles,2007,73879
Region,"Light Rail, Streetcar & Monorail",Transit Revenue-Miles,2008,112738
Region,"Light Rail, Streetcar & Monorail",Transit Revenue-Miles,2009,110065
Region,"Light Rail, Streetcar & Monorail",Transit Revenue-Miles,2010,992485
Region,"Light Rail, Streetcar & Monorail",Transit Revenue-Miles,2011,859006
Region,"Light Rail, Streetcar & Monorail",Transit Revenue-Miles,2012,911865
Region,"Light Rail, Streetcar & Monorail",Transit Revenue-Miles,2013,985403
Region,"Light Rail, Streetcar & Monorail",Transit Revenue-Miles,2014,1004168
Region,"Light Rail, Streetcar & Monorail",Transit Revenue-Miles,2015,980434
Region,"Light Rail, Streetcar & Monorail",Transit Revenue-Miles,2016,1265263
Region,"Light Rail, Streetcar & Monorail",Transit Revenue-Miles,2017,1725269
Region,"Light Rail, Streetcar & Monorail",Transit Revenue-Miles,2018,1944374
Region,"Light Rail, Streetcar & Monorail",Transit Revenue-Miles,2019,1939838
Region,"Light Rail, Streetcar & Monorail",Transit Revenue-Miles,2020,1605041
Region,"Light Rail, Streetcar & Monorail",Transit Revenue-Miles,2021,1506778
Region,"Light Rail, Streetcar & Monorail",Transit Revenue-Miles,2022,2819854
Region,"Light Rail, Streetcar & Monorail",Transit Revenue-Miles,2023,3014349
Region,Total Transit,Transit Boardings,2002,49621303
Region,Total Transit,Transit Boardings,2003,49384610
Region,Total Transit,Transit Boardings,2004,51526741
Region,Total Transit,Transit Boardings,2005,51548499
Region,Total Transit,Transit Boardings,2006,53761581
Region,Total Transit,Transit Boardings,2007,57501801
Region,Total Transit,Transit Boardings,2008,62426834
Region,Total Transit,Transit Boardings,2009,62085913
Region,Total Transit,Transit Boardings,2010,62092543
Region,Total Transit,Transit Boardings,2011,62440500
Region,Total Transit,Transit Boardings,2012,63478837
Region,Total Transit,Transit Boardings,2013,65415783
Region,Total Transit,Transit Boardings,2014,67292885
Region,Total Transit,Transit Boardings,2015,68592689
Region,Total Transit,Transit Boardings,2016,70761472
Region,Total Transit,Transit Boardings,2017,72067979
Region,Total Transit,Transit Boardings,2018,73285206
Region,Total Transit,Transit Boardings,2019,73427863
Region,Total Transit,Transit Boardings,2020,50559173
Region,Total Transit,Transit Boardings,2021,26075074
Region,Total Transit,Transit Boardings,2022,37751894
Region,Total Transit,Transit Boardings,2023,47301282
Region,Total Transit,Transit Revenue-Hours,2002,1581807
Region,Total Transit,Transit Revenue-Hours,2003,1642366
Region,Total Transit,Transit Revenue-Hours,2004,1685038
Region,Total Transit,Transit Revenue-Hours,2005,1535668
Region,Total Transit,Transit Revenue-Hours,2006,1786687
Region,Total Transit,Transit Revenue-Hours,2007,1818143
Region,Total Transit,Transit Revenue-Hours,2008,1921170
Region,Total Transit,Transit Revenue-Hours,2009,1917556
Region,Total Transit,Transit Revenue-Hours,2010,1961634
Region,Total Transit,Transit Revenue-Hours,2011,1930522
Region,Total Transit,Transit Revenue-Hours,2012,1901163
Region,Total Transit,Transit Revenue-Hours,2013,1899375
Region,Total Transit,Transit Revenue-Hours,2014,1965360
Region,Total Transit,Transit Revenue-Hours,2015,1959428
Region,Total Transit,Transit Revenue-Hours,2016,2109260
Region,Total Transit,Transit Revenue-Hours,2017,2171130
Region,Total Transit,Transit Revenue-Hours,2018,2258554
Region,Total Transit,Transit Revenue-Hours,2019,2275159
Region,Total Transit,Transit Revenue-Hours,2020,2033713
Region,Total Transit,Transit Revenue-Hours,2021,1872429
Region,Total Transit,Transit Revenue-Hours,2022,1903607
Region,Total Transit,Transit Revenue-Hours,2023,1886226
Region,Total Transit,Transit Revenue-Miles,2002,30459411
Region,Total Transit,Transit Revenue-Miles,2003,30820306
Region,Total Transit,Transit Revenue-Miles,2004,30669620
Region,Total Transit,Transit Revenue-Miles,2005,29318371
Region,Total Transit,Transit Revenue-Miles,2006,27294364
Region,Total Transit,Transit Revenue-Miles,2007,28000533
Region,Total Transit,Transit Revenue-Miles,2008,29634681
Region,Total Transit,Transit Revenue-Miles,2009,30129468
Region,Total Transit,Transit Revenue-Miles,2010,31095459
Region,Total Transit,Transit Revenue-Miles,2011,30597755
Region,Total Transit,Transit Revenue-Miles,2012,30439415
Region,Total Transit,Transit Revenue-Miles,2013,30374037
Region,Total Transit,Transit Revenue-Miles,2014,30593147
Region,Total Transit,Transit Revenue-Miles,2015,30247294
Region,Total Transit,Transit Revenue-Miles,2016,31415222
Region,Total Transit,Transit Revenue-Miles,2017,32205474
Region,Total Transit,Transit Revenue-Miles,2018,33216600
Region,Total Transit,Transit Revenue-Miles,2019,34993121
Region,Total Transit,Transit Revenue-Miles,2020,28666767
Region,Total Transit,Transit Revenue-Miles,2021,24900918
Region,Total Transit,Transit Revenue-Miles,2022,26152463
Region,Total Transit,Transit Revenue-Miles,2023,26543783
Region,Vanpool,Transit Boardings,2002,1157930
Region,Vanpool,Transit Boardings,2003,1105249
Region,Vanpool,Transit Boardings,2004,1076436
Region,Vanpool,Transit Boardings,2005,1133731
Region,Vanpool,Transit Boardings,2006,1232811
Region,Vanpool,Transit Boardings,2007,1334735
Region,Vanpool,Transit Boardings,2008,1539054
Region,Vanpool,Transit Boardings,2009,1793698
Region,Vanpool,Transit Boardings,2010,1685758
Region,Vanpool,Transit Boardings,2011,1657359
Region,Vanpool,Transit Boardings,2012,1859365
Region,Vanpool,Transit Boardings,2013,1866469
Region,Vanpool,Transit Boardings,2014,1873886
Region,Vanpool,Transit Boardings,2015,1812902
Region,Vanpool,Transit Boardings,2016,1807231
Region,Vanpool,Transit Boardings,2017,1791808
Region,Vanpool,Transit Boardings,2018,1781961
Region,Vanpool,Transit Boardings,2019,1658444
Region,Vanpool,Transit Boardings,2020,1183243
Region,Vanpool,Transit Boardings,2021,358034
Region,Vanpool,Transit Boardings,2022,434666
Region,Vanpool,Transit Boardings,2023,590947
Region,Vanpool,Transit Revenue-Hours,2002,148074
Region,Vanpool,Transit Revenue-Hours,2003,145512
Region,Vanpool,Transit Revenue-Hours,2004,144277
Region,Vanpool,Transit Revenue-Hours,2005,154035
Region,Vanpool,Transit Revenue-Hours,2006,200353
Region,Vanpool,Transit Revenue-Hours,2007,189320
Region,Vanpool,Transit Revenue-Hours,2008,201423
Region,Vanpool,Transit Revenue-Hours,2009,209890
Region,Vanpool,Transit Revenue-Hours,2010,188213
Region,Vanpool,Transit Revenue-Hours,2011,215301
Region,Vanpool,Transit Revenue-Hours,2012,234532
Region,Vanpool,Transit Revenue-Hours,2013,238727
Region,Vanpool,Transit Revenue-Hours,2014,278489
Region,Vanpool,Transit Revenue-Hours,2015,279777
Region,Vanpool,Transit Revenue-Hours,2016,286641
Region,Vanpool,Transit Revenue-Hours,2017,291859
Region,Vanpool,Transit Revenue-Hours,2018,303555
Region,Vanpool,Transit Revenue-Hours,2019,276601
Region,Vanpool,Transit Revenue-Hours,2020,159934
Region,Vanpool,Transit Revenue-Hours,2021,75430
Region,Vanpool,Transit Revenue-Hours,2022,88792
Region,Vanpool,Transit Revenue-Hours,2023,121931
Region,Vanpool,Transit Revenue-Miles,2002,10986285
Region,Vanpool,Transit Revenue-Miles,2003,10370425
Region,Vanpool,Transit Revenue-Miles,2004,9410127
Region,Vanpool,Transit Revenue-Miles,2005,5788750
Region,Vanpool,Transit Revenue-Miles,2006,6210021
Region,Vanpool,Transit Revenue-Miles,2007,6608918
Region,Vanpool,Transit Revenue-Miles,2008,7215133
Region,Vanpool,Transit Revenue-Miles,2009,7653351
Region,Vanpool,Transit Revenue-Miles,2010,7350192
Region,Vanpool,Transit Revenue-Miles,2011,7437177
Region,Vanpool,Transit Revenue-Miles,2012,8160881
Region,Vanpool,Transit Revenue-Miles,2013,8296111
Region,Vanpool,Transit Revenue-Miles,2014,8499395
Region,Vanpool,Transit Revenue-Miles,2015,8417570
Region,Vanpool,Transit Revenue-Miles,2016,8379508
Region,Vanpool,Transit Revenue-Miles,2017,8436707
Region,Vanpool,Transit Revenue-Miles,2018,8522508
Region,Vanpool,Transit Revenue-Miles,2019,8080098
Region,Vanpool,Transit Revenue-Miles,2020,5547182
Region,Vanpool,Transit Revenue-Miles,2021,2519728
Region,Vanpool,Transit Revenue-Miles,2022,2933013
Region,Vanpool,Transit Revenue-Miles,2023,4023398
Sound Transit,Bus,Transit Boardings,2002,0
Sound Transit,Bus,Transit Boardings,2003,0
Sound Transit,Bus,Transit Boardings,2004,0
Sound Transit,Bus,Transit Boardings,2005,2847073
Sound Transit,Bus,Transit Boardings,2006,3073822
Sound Transit,Bus,Transit Boardings,2007,3319928
Sound Transit,Bus,Transit Boardings,2008,3785681
Sound Transit,Bus,Transit Boardings,2009,4105255
Sound Transit,Bus,Transit Boardings,2010,4039075
Sound Transit,Bus,Transit Boardings,2011,4322592
Sound Transit,Bus,Transit Boardings,2012,5087457
Sound Transit,Bus,Transit Boardings,2013,5321150
Sound Transit,Bus,Transit Boardings,2014,5639564
Sound Transit,Bus,Transit Boardings,2015,6016312
Sound Transit,Bus,Transit Boardings,2016,6023039
Sound Transit,Bus,Transit Boardings,2017,5994304
Sound Transit,Bus,Transit Boardings,2018,5924794
Sound Transit,Bus,Transit Boardings,2019,5725320
Sound Transit,Bus,Transit Boardings,2020,3611910
Sound Transit,Bus,Transit Boardings,2021,1353757
Sound Transit,Bus,Transit Boardings,2022,1932985
Sound Transit,Bus,Transit Boardings,2023,2518334
Sound Transit,Bus,Transit Revenue-Hours,2002,0
Sound Transit,Bus,Transit Revenue-Hours,2003,0
Sound Transit,Bus,Transit Revenue-Hours,2004,0
Sound Transit,Bus,Transit Revenue-Hours,2005,135347
Sound Transit,Bus,Transit Revenue-Hours,2006,153341
Sound Transit,Bus,Transit Revenue-Hours,2007,159218
Sound Transit,Bus,Transit Revenue-Hours,2008,164116
Sound Transit,Bus,Transit Revenue-Hours,2009,170600
Sound Transit,Bus,Transit Revenue-Hours,2010,180271
Sound Transit,Bus,Transit Revenue-Hours,2011,186713
Sound Transit,Bus,Transit Revenue-Hours,2012,180103
Sound Transit,Bus,Transit Revenue-Hours,2013,182317
Sound Transit,Bus,Transit Revenue-Hours,2014,188855
Sound Transit,Bus,Transit Revenue-Hours,2015,191449
Sound Transit,Bus,Transit Revenue-Hours,2016,197425
Sound Transit,Bus,Transit Revenue-Hours,2017,204591
Sound Transit,Bus,Transit Revenue-Hours,2018,209657
Sound Transit,Bus,Transit Revenue-Hours,2019,212473
Sound Transit,Bus,Transit Revenue-Hours,2020,198579
Sound Transit,Bus,Transit Revenue-Hours,2021,181974
Sound Transit,Bus,Transit Revenue-Hours,2022,173799
Sound Transit,Bus,Transit Revenue-Hours,2023,163346
Sound Transit,Bus,Transit Revenue-Miles,2002,0
Sound Transit,Bus,Transit Revenue-Miles,2003,0
Sound Transit,Bus,Transit Revenue-Miles,2004,0
Sound Transit,Bus,Transit Revenue-Miles,2005,3248311
Sound Transit,Bus,Transit Revenue-Miles,2006,3157745
Sound Transit,Bus,Transit Revenue-Miles,2007,3250415
Sound Transit,Bus,Transit Revenue-Miles,2008,3363499
Sound Transit,Bus,Transit Revenue-Miles,2009,3472772
Sound Transit,Bus,Transit Revenue-Miles,2010,3731024
Sound Transit,Bus,Transit Revenue-Miles,2011,3873781
Sound Transit,Bus,Transit Revenue-Miles,2012,3792844
Sound Transit,Bus,Transit Revenue-Miles,2013,3855601
Sound Transit,Bus,Transit Revenue-Miles,2014,3862941
Sound Transit,Bus,Transit Revenue-Miles,2015,3861956
Sound Transit,Bus,Transit Revenue-Miles,2016,3897071
Sound Transit,Bus,Transit Revenue-Miles,2017,3966852
Sound Transit,Bus,Transit Revenue-Miles,2018,3965470
Sound Transit,Bus,Transit Revenue-Miles,2019,3936197
Sound Transit,Bus,Transit Revenue-Miles,2020,3770194
Sound Transit,Bus,Transit Revenue-Miles,2021,3449764
Sound Transit,Bus,Transit Revenue-Miles,2022,3332765
Sound Transit,Bus,Transit Revenue-Miles,2023,3242426
Sound Transit,Commuter Rail,Transit Boardings,2002,205517
Sound Transit,Commuter Rail,Transit Boardings,2003,238310
Sound Transit,Commuter Rail,Transit Boardings,2004,287103
Sound Transit,Commuter Rail,Transit Boardings,2005,335118
Sound Transit,Commuter Rail,Transit Boardings,2006,501187
Sound Transit,Commuter Rail,Transit Boardings,2007,629926
Sound Transit,Commuter Rail,Transit Boardings,2008,819056
Sound Transit,Commuter Rail,Transit Boardings,2009,826594
Sound Transit,Commuter Rail,Transit Boardings,2010,791568
Sound Transit,Commuter Rail,Transit Boardings,2011,775013
Sound Transit,Commuter Rail,Transit Boardings,2012,865953
Sound Transit,Commuter Rail,Transit Boardings,2013,940435
Sound Transit,Commuter Rail,Transit Boardings,2014,1043337
Sound Transit,Commuter Rail,Transit Boardings,2015,1227375
Sound Transit,Commuter Rail,Transit Boardings,2016,1411464
Sound Transit,Commuter Rail,Transit Boardings,2017,1416598
Sound Transit,Commuter Rail,Transit Boardings,2018,1536589
Sound Transit,Commuter Rail,Transit Boardings,2019,1520173
Sound Transit,Commuter Rail,Transit Boardings,2020,939291
Sound Transit,Commuter Rail,Transit Boardings,2021,189927
Sound Transit,Commuter Rail,Transit Boardings,2022,333739
Sound Transit,Commuter Rail,Transit Boardings,2023,538196
Sound Transit,Commuter Rail,Transit Revenue-Hours,2002,2214
Sound Transit,Commuter Rail,Transit Revenue-Hours,2003,3088
Sound Transit,Commuter Rail,Transit Revenue-Hours,2004,3913
Sound Transit,Commuter Rail,Transit Revenue-Hours,2005,4014
Sound Transit,Commuter Rail,Transit Revenue-Hours,2006,5041
Sound Transit,Commuter Rail,Transit Revenue-Hours,2007,5604
Sound Transit,Commuter Rail,Transit Revenue-Hours,2008,8095
Sound Transit,Commuter Rail,Transit Revenue-Hours,2009,10708
Sound Transit,Commuter Rail,Transit Revenue-Hours,2010,12504
Sound Transit,Commuter Rail,Transit Revenue-Hours,2011,12627
Sound Transit,Commuter Rail,Transit Revenue-Hours,2012,12472
Sound Transit,Commuter Rail,Transit Revenue-Hours,2013,14494
Sound Transit,Commuter Rail,Transit Revenue-Hours,2014,16444
Sound Transit,Commuter Rail,Transit Revenue-Hours,2015,19293
Sound Transit,Commuter Rail,Transit Revenue-Hours,2016,19277
Sound Transit,Commuter Rail,Transit Revenue-Hours,2017,19568
Sound Transit,Commuter Rail,Transit Revenue-Hours,2018,25105
Sound Transit,Commuter Rail,Transit Revenue-Hours,2019,25207
Sound Transit,Commuter Rail,Transit Revenue-Hours,2020,21730
Sound Transit,Commuter Rail,Transit Revenue-Hours,2021,16706
Sound Transit,Commuter Rail,Transit Revenue-Hours,2022,19216
Sound Transit,Commuter Rail,Transit Revenue-Hours,2023,17317
Sound Transit,Commuter Rail,Transit Revenue-Miles,2002,87010
Sound Transit,Commuter Rail,Transit Revenue-Miles,2003,121356
Sound Transit,Commuter Rail,Transit Revenue-Miles,2004,144733
Sound Transit,Commuter Rail,Transit Revenue-Miles,2005,150625
Sound Transit,Commuter Rail,Transit Revenue-Miles,2006,194121
Sound Transit,Commuter Rail,Transit Revenue-Miles,2007,215646
Sound Transit,Commuter Rail,Transit Revenue-Miles,2008,311329
Sound Transit,Commuter Rail,Transit Revenue-Miles,2009,418956
Sound Transit,Commuter Rail,Transit Revenue-Miles,2010,489701
Sound Transit,Commuter Rail,Transit Revenue-Miles,2011,490808
Sound Transit,Commuter Rail,Transit Revenue-Miles,2012,479172
Sound Transit,Commuter Rail,Transit Revenue-Miles,2013,533265
Sound Transit,Commuter Rail,Transit Revenue-Miles,2014,525040
Sound Transit,Commuter Rail,Transit Revenue-Miles,2015,587056
Sound Transit,Commuter Rail,Transit Revenue-Miles,2016,584436
Sound Transit,Commuter Rail,Transit Revenue-Miles,2017,583616
Sound Transit,Commuter Rail,Transit Revenue-Miles,2018,741438
Sound Transit,Commuter Rail,Transit Revenue-Miles,2019,745192
Sound Transit,Commuter Rail,Transit Revenue-Miles,2020,644855
Sound Transit,Commuter Rail,Transit Revenue-Miles,2021,513321
Sound Transit,Commuter Rail,Transit Revenue-Miles,2022,602676
Sound Transit,Commuter Rail,Transit Revenue-Miles,2023,530086
Sound Transit,"Light Rail, Streetcar & Monorail",Transit Boardings,2002,0
Sound Transit,"Light Rail, Streetcar & Monorail",Transit Boardings,2003,0
Sound Transit,"Light Rail, Streetcar & Monorail",Transit Boardings,2004,247134
Sound Transit,"Light Rail, Streetcar & Monorail",Transit Boardings,2005,292425
Sound Transit,"Light Rail, Streetcar & Monorail",Transit Boardings,2006,297685
Sound Transit,"Light Rail, Streetcar & Monorail",Transit Boardings,2007,296194
Sound Transit,"Light Rail, Streetcar & Monorail",Transit Boardings,2008,299231
Sound Transit,"Light Rail, Streetcar & Monorail",Transit Boardings,2009,307497
Sound Transit,"Light Rail, Streetcar & Monorail",Transit Boardings,2010,2245419
Sound Transit,"Light Rail, Streetcar & Monorail",Transit Boardings,2011,2553021
Sound Transit,"Light Rail, Streetcar & Monorail",Transit Boardings,2012,2831764
Sound Transit,"Light Rail, Streetcar & Monorail",Transit Boardings,2013,3122144
Sound Transit,"Light Rail, Streetcar & Monorail",Transit Boardings,2014,3527183
Sound Transit,"Light Rail, Streetcar & Monorail",Transit Boardings,2015,3695549
Sound Transit,"Light Rail, Streetcar & Monorail",Transit Boardings,2016,4999481
Sound Transit,"Light Rail, Streetcar & Monorail",Transit Boardings,2017,7309208
Sound Transit,"Light Rail, Streetcar & Monorail",Transit Boardings,2018,7691493
Sound Transit,"Light Rail, Streetcar & Monorail",Transit Boardings,2019,8873984
Sound Transit,"Light Rail, Streetcar & Monorail",Transit Boardings,2020,4939197
Sound Transit,"Light Rail, Streetcar & Monorail",Transit Boardings,2021,1992665
Sound Transit,"Light Rail, Streetcar & Monorail",Transit Boardings,2022,6590027
Sound Transit,"Light Rail, Streetcar & Monorail",Transit Boardings,2023,8590987
Sound Transit,"Light Rail, Streetcar & Monorail",Transit Revenue-Hours,2002,0
Sound Transit,"Light Rail, Streetcar & Monorail",Transit Revenue-Hours,2003,0
Sound Transit,"Light Rail, Streetcar & Monorail",Transit Revenue-Hours,2004,3307
Sound Transit,"Light Rail, Streetcar & Monorail",Transit Revenue-Hours,2005,3263
Sound Transit,"Light Rail, Streetcar & Monorail",Transit Revenue-Hours,2006,3315
Sound Transit,"Light Rail, Streetcar & Monorail",Transit Revenue-Hours,2007,3330
Sound Transit,"Light Rail, Streetcar & Monorail",Transit Revenue-Hours,2008,3253
Sound Transit,"Light Rail, Streetcar & Monorail",Transit Revenue-Hours,2009,3179
Sound Transit,"Light Rail, Streetcar & Monorail",Transit Revenue-Hours,2010,50220
Sound Transit,"Light Rail, Streetcar & Monorail",Transit Revenue-Hours,2011,42924
Sound Transit,"Light Rail, Streetcar & Monorail",Transit Revenue-Hours,2012,45755
Sound Transit,"Light Rail, Streetcar & Monorail",Transit Revenue-Hours,2013,47759
Sound Transit,"Light Rail, Streetcar & Monorail",Transit Revenue-Hours,2014,50565
Sound Transit,"Light Rail, Streetcar & Monorail",Transit Revenue-Hours,2015,50124
Sound Transit,"Light Rail, Streetcar & Monorail",Transit Revenue-Hours,2016,60130
Sound Transit,"Light Rail, Streetcar & Monorail",Transit Revenue-Hours,2017,79998
Sound Transit,"Light Rail, Streetcar & Monorail",Transit Revenue-Hours,2018,89887
Sound Transit,"Light Rail, Streetcar & Monorail",Transit Revenue-Hours,2019,90512
Sound Transit,"Light Rail, Streetcar & Monorail",Transit Revenue-Hours,2020,87485
Sound Transit,"Light Rail, Streetcar & Monorail",Transit Revenue-Hours,2021,73440
Sound Transit,"Light Rail, Streetcar & Monorail",Transit Revenue-Hours,2022,135606
Sound Transit,"Light Rail, Streetcar & Monorail",Transit Revenue-Hours,2023,143607
Sound Transit,"Light Rail, Streetcar & Monorail",Transit Revenue-Miles,2002,0
Sound Transit,"Light Rail, Streetcar & Monorail",Transit Revenue-Miles,2003,0
Sound Transit,"Light Rail, Streetcar & Monorail",Transit Revenue-Miles,2004,31722
Sound Transit,"Light Rail, Streetcar & Monorail",Transit Revenue-Miles,2005,32009
Sound Transit,"Light Rail, Streetcar & Monorail",Transit Revenue-Miles,2006,31924
Sound Transit,"Light Rail, Streetcar & Monorail",Transit Revenue-Miles,2007,32075
Sound Transit,"Light Rail, Streetcar & Monorail",Transit Revenue-Miles,2008,31576
Sound Transit,"Light Rail, Streetcar & Monorail",Transit Revenue-Miles,2009,30836
Sound Transit,"Light Rail, Streetcar & Monorail",Transit Revenue-Miles,2010,914872
Sound Transit,"Light Rail, Streetcar & Monorail",Transit Revenue-Miles,2011,775120
Sound Transit,"Light Rail, Streetcar & Monorail",Transit Revenue-Miles,2012,824070
Sound Transit,"Light Rail, Streetcar & Monorail",Transit Revenue-Miles,2013,894287
Sound Transit,"Light Rail, Streetcar & Monorail",Transit Revenue-Miles,2014,914742
Sound Transit,"Light Rail, Streetcar & Monorail",Transit Revenue-Miles,2015,889529
Sound Transit,"Light Rail, Streetcar & Monorail",Transit Revenue-Miles,2016,1138630
Sound Transit,"Light Rail, Streetcar & Monorail",Transit Revenue-Miles,2017,1596505
Sound Transit,"Light Rail, Streetcar & Monorail",Transit Revenue-Miles,2018,1809435
Sound Transit,"Light Rail, Streetcar & Monorail",Transit Revenue-Miles,2019,1816900
Sound Transit,"Light Rail, Streetcar & Monorail",Transit Revenue-Miles,2020,1507961
Sound Transit,"Light Rail, Streetcar & Monorail",Transit Revenue-Miles,2021,1418191
Sound Transit,"Light Rail, Streetcar & Monorail",Transit Revenue-Miles,2022,2689078
Sound Transit,"Light Rail, Streetcar & Monorail",Transit Revenue-Miles,2023,2887067
Washington State Ferries,Ferry,Transit Boardings,2002,7499092
Washington State Ferries,Ferry,Transit Boardings,2003,7034967
Washington State Ferries,Ferry,Transit Boardings,2004,7135060
Washington State Ferries,Ferry,Transit Boardings,2005,6972713
Washington State Ferries,Ferry,Transit Boardings,2006,6931769
Washington State Ferries,Ferry,Transit Boardings,2007,6724265
Washington State Ferries,Ferry,Transit Boardings,2008,6689339
Washington State Ferries,Ferry,Transit Boardings,2009,6670710
Washington State Ferries,Ferry,Transit Boardings,2010,6518345
Washington State Ferries,Ferry,Transit Boardings,2011,6384852
Washington State Ferries,Ferry,Transit Boardings,2012,6321037
Washington State Ferries,Ferry,Transit Boardings,2013,6405183
Washington State Ferries,Ferry,Transit Boardings,2014,6549320
Washington State Ferries,Ferry,Transit Boardings,2015,6838560
Washington State Ferries,Ferry,Transit Boardings,2016,7044695
Washington State Ferries,Ferry,Transit Boardings,2017,6928628
Washington State Ferries,Ferry,Transit Boardings,2018,6996673
Washington State Ferries,Ferry,Transit Boardings,2019,6701857
Washington State Ferries,Ferry,Transit Boardings,2020,4604287
Washington State Ferries,Ferry,Transit Boardings,2021,4589124
Washington State Ferries,Ferry,Transit Boardings,2022,4663318
Washington State Ferries,Ferry,Transit Boardings,2023,5239212
Washington State Ferries,Ferry,Transit Revenue-Hours,2002,44208
Washington State Ferries,Ferry,Transit Revenue-Hours,2003,43692
Washington State Ferries,Ferry,Transit Revenue-Hours,2004,41330
Washington State Ferries,Ferry,Transit Revenue-Hours,2005,40923
Washington State Ferries,Ferry,Transit Revenue-Hours,2006,40467
Washington State Ferries,Ferry,Transit Revenue-Hours,2007,40552
Washington State Ferries,Ferry,Transit Revenue-Hours,2008,40156
Washington State Ferries,Ferry,Transit Revenue-Hours,2009,40089
Washington State Ferries,Ferry,Transit Revenue-Hours,2010,40347
Washington State Ferries,Ferry,Transit Revenue-Hours,2011,40157
Washington State Ferries,Ferry,Transit Revenue-Hours,2012,40530
Washington State Ferries,Ferry,Transit Revenue-Hours,2013,40145
Washington State Ferries,Ferry,Transit Revenue-Hours,2014,40201
Washington State Ferries,Ferry,Transit Revenue-Hours,2015,40258
Washington State Ferries,Ferry,Transit Revenue-Hours,2016,40385
Washington State Ferries,Ferry,Transit Revenue-Hours,2017,40268
Washington State Ferries,Ferry,Transit Revenue-Hours,2018,40132
Washington State Ferries,Ferry,Transit Revenue-Hours,2019,40201
Washington State Ferries,Ferry,Transit Revenue-Hours,2020,38166
Washington State Ferries,Ferry,Transit Revenue-Hours,2021,36701
Washington State Ferries,Ferry,Transit Revenue-Hours,2022,32362
Washington State Ferries,Ferry,Transit Revenue-Hours,2023,35519
Washington State Ferries,Ferry,Transit Revenue-Miles,2002,344352
Washington State Ferries,Ferry,Transit Revenue-Miles,2003,341392
Washington State Ferries,Ferry,Transit Revenue-Miles,2004,299143
Washington State Ferries,Ferry,Transit Revenue-Miles,2005,298987
Washington State Ferries,Ferry,Transit Revenue-Miles,2006,289618
Washington State Ferries,Ferry,Transit Revenue-Miles,2007,288550
Washington State Ferries,Ferry,Transit Revenue-Miles,2008,287313
Washington State Ferries,Ferry,Transit Revenue-Miles,2009,285409
Washington State Ferries,Ferry,Transit Revenue-Miles,2010,285336
Washington State Ferries,Ferry,Transit Revenue-Miles,2011,287780
Washington State Ferries,Ferry,Transit Revenue-Miles,2012,287948
Washington State Ferries,Ferry,Transit Revenue-Miles,2013,284977
Washington State Ferries,Ferry,Transit Revenue-Miles,2014,285273
Washington State Ferries,Ferry,Transit Revenue-Miles,2015,286303
Washington State Ferries,Ferry,Transit Revenue-Miles,2016,287239
Washington State Ferries,Ferry,Transit Revenue-Miles,2017,286148
Washington State Ferries,Ferry,Transit Revenue-Miles,2018,285105
Washington State Ferries,Ferry,Transit Revenue-Miles,2019,285995
Washington State Ferries,Ferry,Transit Revenue-Miles,2020,266279
Washington State Ferries,Ferry,Transit Revenue-Miles,2021,261506
Washington State Ferries,Ferry,Transit Revenue-Miles,2022,225632
Washington State Ferries,Ferry,Transit Revenue-Miles,2023,246975
